"","NtDeleteKey","NtQueryValueKey","CreateThread","NtSuspendThread","LdrGetProcedureAddress","RegDeleteValueW","accept","GetSystemMetrics","NtEnumerateValueKey","InternetOpenUrlA","NtQueryKey","select","GetAddrInfoW","RegCloseKey","WriteConsoleA","InternetReadFile","RegOpenKeyExW","ReadProcessMemory","NtSetContextThread","RegQueryValueExA","recvfrom","NtQueryInformationFile","NtSetValueKey","CreateRemoteThread","RegQueryValueExW","WriteProcessMemory","ShellExecuteExW","NtDelayExecution","NtResumeThread","NtSetInformationFile","recv","WSASocketW","NtReadFile","socket","InternetConnectA","NtCreateFile","NtOpenDirectoryObject","StartServiceA","LdrLoadDll","connect","HttpOpenRequestA","RegOpenKeyExA","DeleteFileW","HttpSendRequestA","NtReadVirtualMemory","closesocket","NtWriteVirtualMemory","NtEnumerateKey","InternetOpenUrlW","NtOpenFile","CreateServiceA","RegDeleteValueA","InternetConnectW","NtDeviceIoControlFile","HttpOpenRequestW","NtOpenKey","setsockopt","HttpSendRequestW","FindWindowA","FindWindowExW","sendto","FindFirstFileExW","ioctlsocket","MoveFileWithProgressW","CopyFileA","CopyFileW","LdrGetDllHandle","listen","NtWriteFile","OpenSCManagerA","WSASend","RegEnumValueW","WSAStartup","RegDeleteKeyW","NtQueryDirectoryFile","OpenServiceA","RemoveDirectoryW","NtCreateSection","send","NtSaveKey","GetCursorPos","OpenSCManagerW","NtTerminateProcess","NtFreeVirtualMemory","RegDeleteKeyA","NtTerminateThread","NtProtectVirtualMemory","OpenServiceW","StartServiceW","FindWindowExA","NtOpenThread","CopyFileExW","RegSetValueExA","RegQueryInfoKeyA","WSASocketA","RegCreateKeyExW","SetWindowsHookExW","system","RegEnumKeyW","getaddrinfo","DeleteService","NtOpenSection","DnsQuery_A","CreateDirectoryW","InternetCloseHandle","ExitWindowsEx","RegCreateKeyExA","bind","WSARecvFrom","CreateProcessInternalW","RemoveDirectoryA","CreateDirectoryExW","RegEnumValueA","UnhookWindowsHookEx","NtDeleteValueKey","RegEnumKeyExA","LookupPrivilegeValueW","CreateServiceW","NtCreateKey","SetWindowsHookExA","FindFirstFileExA","FindWindowW","URLDownloadToFileW","RtlCreateUserThread","RegSetValueExW","WSARecv","WriteConsoleW","shutdown","NtLoadKey","RegEnumKeyExW","NtGetContextThread","WSASendTo","DeviceIoControl","InternetOpenA","NtMakeTemporaryObject","RegQueryInfoKeyW","ControlService","NtCreateMutant","InternetOpenW","Downloads","Rotulo","Tipo","Chamadas","MD5"
"463",0,0,2,0,299,0,0,0,0,0,0,0,0,15,0,0,50,0,0,21,0,0,0,0,11,0,0,0,0,2,0,0,1,0,0,5,0,0,40,0,0,10,0,0,0,0,0,0,0,2289,0,0,0,0,0,1,0,0,0,0,0,0,0,0,0,0,8,0,1,1,0,0,1,0,0,1,0,0,0,0,0,0,0,6,0,0,11,0,0,0,0,0,0,1,0,0,0,0,0,0,0,0,0,0,0,0,3,0,0,1,0,0,0,0,0,4,0,0,0,0,0,0,0,0,0,0,0,0,0,0,0,0,9,1,0,0,0,0,0,0,"Win32:LoadMoney-AG [PUP]","PE32 executable (GUI) Intel 80386, for MS Windows",2794,"0349bb21e6eadc51654c4c794ff82031"
"477",0,11,2,0,721,0,0,4,0,2,0,0,0,44,0,0,63,0,0,12,0,0,0,0,40,0,0,0,0,4,0,0,3,0,0,8,0,0,68,0,0,22,0,0,0,0,0,0,0,1207,0,0,0,0,0,6,0,0,0,0,0,0,0,0,0,0,16,0,3,1,0,2,1,0,0,1,0,2,0,0,0,0,3,15,0,0,11,0,0,354,0,0,0,1,0,0,0,0,0,0,0,0,0,0,2,0,2,0,0,1,0,0,0,2,0,4,0,0,0,0,0,0,0,0,0,0,0,0,0,0,0,0,13,2,0,0,0,1,0,0,"Win32:LoadMoney-AL [Trj]","PE32 executable (GUI) Intel 80386, for MS Windows",2654,"036a8b5091ead589f7676e56314b54e5"
"501",0,1,2,0,721,0,0,4,0,2,0,0,0,41,0,0,63,0,0,21,0,0,0,0,40,0,0,0,0,4,0,0,3,0,0,13,0,0,68,0,0,17,0,0,0,0,0,0,0,2289,0,0,0,6,0,2,0,0,0,0,0,0,0,0,0,0,16,0,3,1,0,2,1,0,0,1,0,2,0,0,0,0,3,42,0,0,11,0,0,0,0,0,0,1,0,0,0,0,0,0,0,0,0,0,2,0,3,0,0,1,0,0,0,2,0,4,0,0,0,0,0,0,0,0,0,0,0,0,0,0,0,0,13,2,0,0,0,1,0,0,"Win32:LoadMoney-AG [PUP]","PE32 executable (GUI) Intel 80386, for MS Windows",3408,"03a4baacdff06bca012a65e6483092c8"
"608",0,7,2,0,260,0,0,19,2,1,0,18,0,23,0,0,38,0,0,23,0,1,0,0,35,0,0,0,0,4,0,0,3,1,0,13,1,0,28,0,0,19,0,0,0,0,0,0,0,2634,0,0,0,6,0,9,0,0,0,0,0,364,0,0,0,0,19,0,3,1,0,2,2,0,760,1,0,4,0,0,0,0,0,121,0,0,12,0,0,0,0,0,1,1,0,0,0,0,0,0,0,1,0,0,0,0,4,1,0,0,0,0,0,0,0,2,0,0,0,0,0,0,0,0,0,0,0,0,0,0,0,0,5,1,0,0,0,2,0,0,"Win32:Trojano-CHG [Trj]","PE32 executable (GUI) Intel 80386, for MS Windows, PECompact2 compressed",4454,"0479e980fbbe3ff2fbf4dd79bf7b3752"
"953",0,1,2,0,721,0,0,4,0,2,0,0,0,41,0,0,63,0,0,21,0,0,0,0,40,0,0,0,0,4,0,0,3,0,0,8,0,0,68,0,0,13,0,0,0,0,0,0,0,667,0,0,0,0,0,2,0,0,0,0,0,0,0,0,0,0,16,0,3,1,0,2,1,0,0,1,0,2,0,0,0,0,3,17,0,0,11,0,0,0,0,0,0,1,0,0,0,0,0,0,0,0,0,0,2,0,3,0,0,1,0,0,0,2,0,4,0,0,0,0,0,0,0,0,0,0,0,0,0,0,0,0,13,2,0,0,0,1,0,0,"","PE32 executable (GUI) Intel 80386, for MS Windows",1746,"061a51ae563c9342e60e7204b2a9d16a"
"989",0,0,0,0,67,0,0,0,0,0,0,0,0,1,0,0,0,0,0,0,0,26,0,0,0,0,0,0,0,26,0,0,1,0,0,28,1,0,7,0,0,2,0,0,0,0,0,0,0,1320,0,0,0,0,0,0,0,0,0,0,0,640,0,0,9,0,0,0,1,0,0,0,0,0,1328,0,0,26,0,0,0,0,0,473,0,0,0,0,0,0,0,0,1,0,0,0,0,0,0,0,0,0,0,0,0,0,0,0,0,0,0,0,0,0,0,0,0,0,0,0,0,0,0,0,0,0,0,0,0,0,0,0,0,0,0,0,0,3,0,1,"Win32:Malware-gen","PE32 executable (GUI) Intel 80386, for MS Windows",3960,"0657a70ec997c0e68f28d2ceb644d211"
"1238",0,1,0,0,67,0,0,0,0,0,0,0,0,1,0,0,0,0,0,0,0,4,0,0,0,0,0,0,0,3,0,0,1,0,0,6,1,0,7,0,0,2,0,0,0,0,0,0,0,1033,0,0,0,0,0,1,0,0,0,0,0,496,0,0,2,0,0,0,1,0,0,0,0,0,1038,0,0,4,0,0,0,0,3,362,0,0,0,0,0,0,0,0,1,0,0,0,0,0,0,0,0,0,0,0,0,0,0,0,0,0,0,0,0,0,0,0,0,0,0,0,0,0,0,0,0,0,0,0,0,0,0,0,0,0,0,0,0,3,0,1,"Win32:Malware-gen","PE32 executable (GUI) Intel 80386, for MS Windows",3037,"07fa4a7de4210c20e1a8167126e59e16"
"1333",0,0,0,0,483,0,0,32,0,0,0,0,0,8,0,0,7,0,0,6,0,0,0,0,3,0,0,1,0,4,0,0,2,0,0,2,0,0,16,0,0,10,0,0,0,0,0,0,0,528,0,0,0,0,0,2,0,0,0,0,0,0,0,0,0,0,30,0,2,0,0,0,0,0,0,0,0,1,0,0,103,0,0,0,0,0,0,0,0,0,0,0,0,0,0,0,0,0,0,0,0,2,0,0,0,0,0,0,0,0,0,0,0,0,0,0,0,0,0,2,0,0,0,0,0,0,0,0,0,0,0,0,0,0,0,0,0,1,0,0,"Win32:Sality","PE32 executable (GUI) Intel 80386, for MS Windows",1245,"08cd8054258270b8daf04b9c73c9d93c"
"1513",0,11,2,0,721,0,0,4,0,2,0,0,0,45,0,0,63,0,0,25,0,0,0,0,40,0,0,0,0,4,0,0,3,0,0,8,0,0,68,0,0,23,0,0,0,0,0,0,0,1207,0,0,0,0,0,6,0,0,0,0,0,0,0,0,0,0,16,0,3,1,0,2,1,0,0,1,0,2,0,0,0,0,3,14,0,0,11,0,0,354,0,0,0,1,0,0,0,0,0,0,0,0,0,0,2,0,3,0,0,1,0,0,0,2,0,4,0,0,0,0,0,0,0,0,0,0,0,0,0,0,0,0,13,2,0,0,0,1,0,0,"0","PE32 executable (GUI) Intel 80386, for MS Windows",2669,"0a544f2ce72a8e3e76087b9473da373f"
"1532",0,11,2,0,721,0,0,4,0,2,0,0,0,45,0,0,63,0,0,25,0,0,0,0,40,0,0,0,0,4,0,0,3,0,0,8,0,0,68,0,0,23,0,0,0,0,0,0,0,1207,0,0,0,0,0,6,0,0,0,0,0,0,0,0,0,0,16,0,3,1,0,2,1,0,0,1,0,2,0,0,0,0,3,14,0,0,11,0,0,354,0,0,0,1,0,0,0,0,0,0,0,0,0,0,2,0,3,0,0,1,0,0,0,2,0,4,0,0,0,0,0,0,0,0,0,0,0,0,0,0,0,0,13,2,0,0,0,1,0,0,"Win32:LoadMoney-AL [Trj]","PE32 executable (GUI) Intel 80386, for MS Windows",2669,"0a81dde4a2f067eeb53e90aa771a327a"
"1541",0,11,2,0,721,0,0,4,0,2,0,0,0,45,0,0,63,0,0,25,0,0,0,0,40,0,0,0,0,4,0,0,3,0,0,8,0,0,68,0,0,23,0,0,0,0,0,0,0,1207,0,0,0,0,0,6,0,0,0,0,0,0,0,0,0,0,16,0,3,1,0,2,1,0,0,1,0,2,0,0,0,0,3,15,0,0,11,0,0,354,0,0,0,1,0,0,0,0,0,0,0,0,0,0,2,0,3,0,0,1,0,0,0,2,0,4,0,0,0,0,0,0,0,0,0,0,0,0,0,0,0,0,13,2,0,0,0,1,0,0,"0","PE32 executable (GUI) Intel 80386, for MS Windows",2670,"0a9383684a2f7a450ba14264eeec5259"
"1633",0,0,2,0,100,0,0,0,0,0,0,0,0,14,0,0,50,0,0,2,0,0,0,0,10,0,0,0,0,0,0,0,0,0,0,4,0,0,22,0,0,8,0,0,0,0,0,0,0,2288,0,0,0,0,0,0,0,0,0,0,0,0,0,0,0,0,8,0,0,0,0,0,0,0,0,0,0,0,0,0,0,0,0,6,0,0,6,0,0,0,0,0,0,0,0,0,0,0,0,0,0,0,0,0,0,0,2,0,0,1,0,0,0,0,0,4,0,0,0,0,0,0,0,0,0,0,0,0,0,0,0,0,8,0,0,0,0,0,0,0,"Win32:LoadMoney-AG [PUP]","PE32 executable (GUI) Intel 80386, for MS Windows",2535,"0b8e584c3c1a62b36fc30ea106be6e12"
"1793",0,1,2,0,721,0,0,4,0,2,0,0,0,41,0,0,63,0,0,21,0,0,0,0,40,0,0,0,0,4,0,0,3,0,0,8,0,0,68,0,0,13,0,0,0,0,0,0,0,2289,0,0,0,0,0,2,0,0,0,0,0,0,0,0,0,0,16,0,3,1,0,2,1,0,0,1,0,2,0,0,0,0,3,17,0,0,11,0,0,0,0,0,0,1,0,0,0,0,0,0,0,0,0,0,2,0,3,0,0,1,0,0,0,2,0,4,0,0,0,0,0,0,0,0,0,0,0,0,0,0,0,0,13,2,0,0,0,1,0,0,"Win32:LoadMoney-AG [PUP]","PE32 executable (GUI) Intel 80386, for MS Windows",3368,"0cf51a2a815128556ec6e78e11ba56ee"
"1828",0,1,2,0,721,0,0,4,0,2,0,0,0,41,0,0,63,0,0,21,0,0,0,0,40,0,0,0,0,4,0,0,3,0,0,8,0,0,68,0,0,13,0,0,0,0,0,0,0,2289,0,0,0,0,0,2,0,0,0,0,0,0,0,0,0,0,16,0,3,1,0,2,1,0,0,1,0,2,0,0,0,0,3,17,0,0,11,0,0,0,0,0,0,1,0,0,0,0,0,0,0,0,0,0,2,0,3,0,0,1,0,0,0,2,0,4,0,0,0,0,0,0,0,0,0,0,0,0,0,0,0,0,13,2,0,0,0,1,0,0,"Win32:LoadMoney-AG [PUP]","PE32 executable (GUI) Intel 80386, for MS Windows",3368,"0d45eb59474416641a34e650b5d5094f"
"2104",0,0,0,0,14,0,0,0,0,0,0,0,0,1,0,0,1,0,0,0,0,0,0,0,1,0,0,0,0,0,0,0,0,0,0,0,0,0,5,0,0,0,0,0,0,0,0,0,0,982,0,0,0,0,0,0,0,0,0,0,0,0,0,0,0,0,2,0,0,0,0,0,0,0,0,0,0,0,0,0,0,0,0,0,0,0,1,0,0,0,0,0,0,0,0,0,0,0,0,0,0,0,0,0,0,0,0,0,0,0,0,0,0,0,0,0,0,0,0,0,0,0,0,0,0,0,0,0,0,0,0,0,0,0,0,0,0,0,0,0,"Win32:LoadMoney-AG [PUP]","PE32 executable (GUI) Intel 80386, for MS Windows",1007,"1009a0041229fef83e048f6febda4d99"
"2167",0,1,2,0,721,0,0,4,0,2,0,0,0,41,0,0,63,0,0,21,0,0,0,0,40,0,0,0,0,4,0,0,3,0,0,8,0,0,68,0,0,13,0,0,0,0,0,0,0,673,0,0,0,0,0,2,0,0,0,0,0,0,0,0,0,0,16,0,3,1,0,2,1,0,0,1,0,2,0,0,0,0,3,17,0,0,11,0,0,0,0,0,0,1,0,0,0,0,0,0,0,0,0,0,2,0,3,0,0,1,0,0,0,2,0,4,0,0,0,0,0,0,0,0,0,0,0,0,0,0,0,0,13,2,0,0,0,1,0,0,"","PE32 executable (GUI) Intel 80386, for MS Windows",1752,"10f8080a2ab764b5337a74c39104e96d"
"2219",0,1,2,0,721,0,0,4,0,2,0,0,0,40,0,0,63,0,0,8,0,0,0,0,40,0,0,0,0,4,0,0,3,0,0,8,0,0,68,0,0,12,0,0,0,0,0,0,0,2289,0,0,0,0,0,2,0,0,0,0,0,0,0,0,0,0,16,0,3,1,0,2,1,0,0,1,0,2,0,0,0,0,3,17,0,0,11,0,0,0,0,0,0,1,0,0,0,0,0,0,0,0,0,0,2,0,2,0,0,1,0,0,0,2,0,4,0,0,0,0,0,0,0,0,0,0,0,0,0,0,0,0,13,2,0,0,0,1,0,0,"Win32:LoadMoney-AG [PUP]","PE32 executable (GUI) Intel 80386, for MS Windows",3352,"11a1d7581b24c6ba42d6b17d34784a67"
"2351",0,10,2,0,322,0,0,0,0,0,0,0,0,23,0,0,60,0,0,12,0,0,0,0,28,0,0,0,0,2,0,0,1,0,0,7,0,0,56,0,0,22,0,0,0,0,0,0,0,1207,0,0,0,0,0,5,0,0,0,0,0,0,0,0,0,0,9,0,1,1,0,0,1,0,0,1,0,2,0,0,0,0,0,11,0,0,11,0,0,354,0,0,0,1,0,0,0,0,0,0,0,0,0,0,0,0,2,0,0,1,0,0,0,0,0,4,0,0,0,0,0,0,0,0,0,0,0,0,0,0,0,0,9,1,0,0,0,1,0,0,"Win32:Malware-gen","PE32 executable (GUI) Intel 80386, for MS Windows",2167,"137016a2e5a3f6d99ad6058cf62d604f"
"2392",0,256,1,0,55,0,0,0,2,0,0,0,0,7,0,0,25,0,0,1,0,1,0,0,5,0,0,0,0,0,0,0,0,0,0,3,0,0,11,0,0,5,0,0,0,0,0,0,0,1201,0,0,0,0,0,5,0,0,0,0,0,0,0,0,0,0,6,0,0,0,0,0,0,0,0,0,0,2,0,0,0,0,0,3,0,0,3,0,0,0,0,0,0,0,0,0,0,0,0,0,0,0,0,0,0,0,1,0,0,1,0,0,0,0,0,2,0,0,0,0,0,0,0,0,0,0,0,0,0,0,0,0,4,0,0,0,0,0,0,0,"","PE32 executable (GUI) Intel 80386, for MS Windows",1600,"146f73dbe31439e1a3381dd4efb68c34"
"2411",0,5,1,0,50,0,0,0,0,0,0,0,0,9,0,0,25,0,0,3,0,0,0,0,5,0,0,0,0,0,0,0,0,0,0,2,0,0,11,0,0,9,0,0,0,0,0,0,0,621,0,0,0,0,0,2,0,0,0,0,0,0,0,0,0,0,4,0,0,0,0,0,0,0,0,0,0,0,0,0,0,0,0,2,0,0,3,0,0,181,0,0,0,0,0,0,0,0,0,0,0,0,0,0,0,0,1,0,0,1,0,0,0,0,0,2,0,0,0,0,0,0,0,0,0,0,0,0,0,0,0,0,4,0,0,0,0,0,0,0,"Win32:LoadMoney-AL [Trj]","PE32 executable (GUI) Intel 80386, for MS Windows",941,"14dda05a4c27dd8e6806ab09345d0aa8"
"2452",0,0,1,0,64,0,0,0,0,0,0,0,0,8,0,0,26,0,0,1,0,0,0,0,6,0,0,0,0,0,0,0,0,0,0,2,0,0,16,0,0,4,0,0,0,0,0,0,0,2070,0,0,0,0,0,0,0,0,0,0,0,0,0,0,0,0,6,0,0,0,0,0,0,0,0,0,0,0,0,0,0,0,0,3,0,0,4,0,0,0,0,0,0,0,0,0,0,0,0,0,0,0,0,0,0,0,1,0,0,1,0,0,0,0,0,2,0,0,0,0,0,0,0,0,0,0,0,0,0,0,0,0,4,0,0,0,0,0,0,0,"Win32:LoadMoney-AG [PUP]","PE32 executable (GUI) Intel 80386, for MS Windows",2219,"158658c2eed2df975fcc42224bcd4181"
"2492",0,0,1,0,69,0,0,0,0,0,0,0,0,14,0,0,50,0,0,2,0,0,0,0,10,0,0,0,0,0,0,0,0,0,0,2,0,0,17,0,0,8,0,0,0,0,0,0,0,2288,0,0,0,0,0,0,0,0,0,0,0,0,0,0,0,0,7,0,0,0,0,0,0,0,0,0,0,0,0,0,0,0,0,4,0,0,4,0,0,0,0,0,0,0,0,0,0,0,0,0,0,0,0,0,0,0,1,0,0,1,0,0,0,0,0,4,0,0,0,0,0,0,0,0,0,0,0,0,0,0,0,0,4,0,0,0,0,0,0,0,"Win32:LoadMoney-AG [PUP]","PE32 executable (GUI) Intel 80386, for MS Windows",2486,"1653b5595a9d0b7dcc20abd0ed592c8b"
"2562",0,1,2,0,721,0,0,4,0,2,0,0,0,41,0,0,63,0,0,21,0,0,0,0,40,0,0,0,0,4,0,0,3,0,0,8,0,0,68,0,0,13,0,0,0,0,0,0,0,2289,0,0,0,0,0,2,0,0,0,0,0,0,0,0,0,0,16,0,3,1,0,2,1,0,0,1,0,2,0,0,0,0,3,17,0,0,11,0,0,0,0,0,0,1,0,0,0,0,0,0,0,0,0,0,2,0,3,0,0,1,0,0,0,2,0,4,0,0,0,0,0,0,0,0,0,0,0,0,0,0,0,0,13,2,0,0,0,1,0,0,"0","PE32 executable (GUI) Intel 80386, for MS Windows",3368,"17e033d72f443277d7592ae7bff9eb34"
"2569",0,11,2,0,715,0,0,4,0,2,0,0,0,44,0,0,63,0,0,12,0,0,0,0,40,0,0,0,0,4,0,0,3,0,0,13,0,0,66,0,0,26,0,0,0,0,0,0,0,1207,0,0,0,6,0,6,0,0,0,0,0,0,0,0,0,0,16,0,3,1,0,2,1,0,0,1,0,2,0,0,0,0,3,40,0,0,11,0,0,354,0,0,0,1,0,0,0,0,0,0,0,0,0,0,2,0,2,0,0,1,0,0,0,2,0,4,0,0,0,0,0,0,0,0,0,0,0,0,0,0,0,0,13,2,0,0,0,1,0,0,"Win32:LoadMoney-AL [Trj]","PE32 executable (GUI) Intel 80386, for MS Windows",2686,"180d1249157326427ba04d8127a2d672"
"2765",0,15,2,0,735,0,0,11,4,2,0,0,0,46,0,0,64,0,0,25,0,2,0,0,41,0,0,0,0,4,0,0,3,0,0,10,2,0,70,0,0,25,0,0,0,0,0,0,0,971,0,0,0,0,0,12,0,0,0,0,0,0,0,0,0,0,24,0,3,1,0,2,1,0,0,1,0,6,0,0,0,0,3,17,0,0,11,0,0,0,0,0,0,1,0,0,0,0,0,0,0,0,0,0,2,0,3,0,0,1,0,0,0,2,0,4,0,0,0,0,0,0,0,0,0,0,0,0,0,0,0,0,13,2,0,0,0,1,0,0,"Win32:PUP-gen [PUP]","PE32 executable (GUI) Intel 80386, for MS Windows",2142,"1a67c28d07abb834b587335e276c0510"
"2776",0,3,0,0,488,0,0,2,2,0,0,0,0,3,0,0,3,0,0,0,0,2975,0,0,1,0,0,0,0,0,0,0,1,0,0,4,0,0,15,0,0,1,1,0,0,0,0,0,0,2979,0,0,0,0,0,4,0,0,0,0,0,0,0,0,0,1,11,0,1,0,0,0,0,0,0,0,0,3,0,0,0,0,0,1,0,0,8,0,0,0,0,0,0,0,0,0,0,0,0,0,0,0,0,1,0,0,0,0,0,0,0,0,0,0,0,0,0,0,0,0,0,0,0,0,2,0,0,0,0,0,0,0,2,0,0,0,0,0,0,2,"Win32:Vitro","PE32 executable (GUI) Intel 80386, for MS Windows",6512,"1a71689794f4ad20dc9f47433b8bede0"
"2970",0,1,0,0,67,0,0,0,0,0,0,0,0,1,0,0,0,0,0,0,0,8,0,0,0,0,0,0,0,7,0,0,1,0,0,10,1,0,7,0,0,2,0,0,0,0,0,0,0,1071,0,0,0,0,0,1,0,0,0,0,0,515,0,0,3,0,0,0,1,0,0,0,0,0,1076,0,0,8,0,0,0,0,3,366,0,0,0,0,0,0,0,0,1,0,0,0,0,0,0,0,0,0,0,0,0,0,0,0,0,0,0,0,0,0,0,0,0,0,0,0,0,0,0,0,0,0,0,0,0,0,0,0,0,0,0,0,0,3,0,1,"Win32:Malware-gen","PE32 executable (GUI) Intel 80386, for MS Windows",3153,"1b480c0b471eb44c70c67270392f2aa6"
"3544",0,14,29,0,1872,0,0,128,0,0,1,0,0,1001,0,0,1186,0,0,27,0,146,0,2,1314,0,0,860,2,15,0,0,152,0,0,87,0,0,80,0,0,417,9,0,0,0,0,0,0,3702,0,0,0,0,0,17,0,0,100,0,0,65,0,6,2,0,57,0,9,0,0,0,0,0,76,0,0,28,0,0,1,4,5,145,0,0,4,4,0,0,0,0,0,0,0,7,0,0,31,0,0,1,0,2,0,0,0,0,0,3,0,0,0,0,0,0,5,0,0,2,0,0,0,0,14,0,0,0,0,0,0,0,56,0,0,0,0,5,0,1,"Win32:Malware-gen","PE32 executable (GUI) Intel 80386, for MS Windows, UPX compressed",11693,"1df3db6f5f323a2c15961571b69a5573"
"3615",0,11,2,0,715,0,0,4,0,2,0,0,0,44,0,0,63,0,0,12,0,0,0,0,40,0,0,0,0,4,0,0,3,0,0,13,0,0,66,0,0,26,0,0,0,0,0,0,0,1207,0,0,0,6,0,6,0,0,0,0,0,0,0,0,0,0,16,0,3,1,0,2,1,0,0,1,0,2,0,0,0,0,3,40,0,0,11,0,0,354,0,0,0,1,0,0,0,0,0,0,0,0,0,0,2,0,2,0,0,1,0,0,0,2,0,4,0,0,0,0,0,0,0,0,0,0,0,0,0,0,0,0,13,2,0,0,0,1,0,0,"Win32:LoadMoney-AL [Trj]","PE32 executable (GUI) Intel 80386, for MS Windows",2686,"1e4f0547887bb4c85fdf2d37515fe3b6"
"3990",0,4,0,0,492,0,0,12,0,0,0,0,0,4,0,0,4,0,0,0,0,0,0,0,3,0,0,3,0,0,0,0,0,0,0,0,0,0,18,0,0,2,0,0,0,0,0,0,0,1025,0,0,0,0,0,3,0,0,0,0,0,0,0,0,0,0,11,0,0,0,0,0,0,0,0,0,0,0,0,0,1,0,0,4,0,0,3,0,0,0,0,0,0,0,0,0,0,0,0,0,0,1,0,0,0,0,0,0,0,0,0,0,0,1,0,0,0,0,0,1,0,0,0,0,0,0,0,0,0,0,0,0,0,0,0,0,0,0,0,0,"Win32:VB-AAZU [Drp]","PE32 executable (GUI) Intel 80386, for MS Windows",1592,"1fc15e7790966dda91133d43b1b55e1f"
"4111",0,1,2,0,721,0,0,4,0,2,0,0,0,41,0,0,63,0,0,15,0,0,0,0,40,0,0,0,0,4,0,0,3,0,0,13,0,0,68,0,0,17,0,0,0,0,0,0,0,2289,0,0,0,6,0,2,0,0,0,0,0,0,0,0,0,0,16,0,3,1,0,2,1,0,0,1,0,2,0,0,0,0,3,41,0,0,11,0,0,0,0,0,0,1,0,0,0,0,0,0,0,0,0,0,2,0,3,0,0,1,0,0,0,2,0,4,0,0,0,0,0,0,0,0,0,0,0,0,0,0,0,0,13,2,0,0,0,1,0,0,"Win32:LoadMoney-AG [PUP]","PE32 executable (GUI) Intel 80386, for MS Windows",3401,"20cd13f5dae5ace4fe1dd45049728ca1"
"4304",0,9,0,0,1010,0,0,72,0,0,0,0,0,166,0,0,8,0,0,2,0,2,0,0,6,0,0,3,0,1,0,0,68,0,0,69,0,0,55,0,0,8,4,0,0,0,0,0,0,1244,0,0,0,0,0,7,0,0,5,0,0,147,0,1,0,0,27,0,244,0,0,0,0,0,72,0,0,7,0,0,1,0,3,178,0,0,6,0,0,0,0,0,154,0,0,0,0,0,0,0,0,2,0,7,0,0,178,0,0,1,0,0,0,1,0,0,0,0,0,2,0,0,0,0,0,0,0,0,0,0,0,0,0,0,0,0,0,0,0,33,"Win32:VB-ITN [Trj]","PE32 executable (GUI) Intel 80386, for MS Windows",3770,"24826edc800fe8863d7c1cd6028c245a"
"4383",0,0,2,0,347,0,0,0,0,14,0,0,0,24,0,0,63,0,0,8,0,0,0,0,40,0,0,0,0,4,0,0,3,0,0,8,0,0,60,0,0,12,0,0,0,0,0,0,0,2289,0,0,0,0,0,1,0,0,0,0,0,0,0,0,0,0,9,0,3,1,0,2,1,0,0,1,0,2,0,0,0,0,0,14,0,0,11,0,0,0,0,0,0,1,0,0,0,0,0,0,0,0,0,0,7,0,2,0,0,1,0,0,0,0,0,4,0,0,0,0,0,0,0,0,0,0,0,0,0,0,0,0,9,8,0,0,0,1,0,0,"Win32:LoadMoney-AG [PUP]","PE32 executable (GUI) Intel 80386, for MS Windows",2952,"2611a425226594c1c423be62fa9f54df"
"4398",0,14,2,0,110,0,0,0,4,0,0,0,0,18,0,0,50,0,0,6,0,2,0,0,10,0,0,0,0,0,0,0,0,0,0,6,2,0,22,0,0,20,0,0,0,0,0,0,0,970,0,0,0,0,0,10,0,0,0,0,0,0,0,0,0,0,12,0,0,0,0,0,0,0,0,0,0,4,0,0,0,0,0,6,0,0,6,0,0,0,0,0,0,0,0,0,0,0,0,0,0,0,0,0,0,0,2,0,0,1,0,0,0,0,0,4,0,0,0,0,0,0,0,0,0,0,0,0,0,0,0,0,8,0,0,0,0,0,0,0,"Win32:Malware-gen","PE32 executable (GUI) Intel 80386, for MS Windows",1289,"264170dd174583853eaf7d47d47c0aa5"
"4410",0,0,0,0,14,0,0,0,0,0,0,0,0,1,0,0,1,0,0,0,0,0,0,0,1,0,0,0,0,0,0,0,0,0,0,0,0,0,5,0,0,0,0,0,0,0,0,0,0,915,0,0,0,0,0,0,0,0,0,0,0,0,0,0,0,0,2,0,0,0,0,0,0,0,0,0,0,0,0,0,0,0,0,0,0,0,1,0,0,0,0,0,0,0,0,0,0,0,0,0,0,0,0,0,0,0,0,0,0,0,0,0,0,0,0,0,0,0,0,0,0,0,0,0,0,0,0,0,0,0,0,0,0,0,0,0,0,0,0,0,"Win32:LoadMoney-AG [PUP]","PE32 executable (GUI) Intel 80386, for MS Windows",940,"266753990d82c19d3b907da0fe82eae4"
"4739",0,6,1,0,6,0,0,3,0,0,0,0,0,81,0,0,86,0,0,3,0,0,0,0,24,0,0,0,0,0,0,0,0,0,0,2,0,0,2,0,0,9,0,0,0,0,0,0,0,1041,0,0,0,0,0,4,0,0,0,0,0,0,0,0,0,0,2,0,0,0,0,0,0,0,0,0,0,1,0,0,0,0,0,1,0,0,0,0,0,0,0,794,0,0,0,0,0,0,0,0,0,1,0,0,0,0,0,0,0,0,0,0,0,0,0,2,0,0,0,0,0,0,0,0,0,0,0,0,0,0,0,0,6,0,0,0,0,1,0,0,"Win32:LoadMoney-FU [PUP]","PE32 executable (GUI) Intel 80386, for MS Windows",2076,"2ac78c3373bd73e770b0e134c26e4520"
"4747",0,0,1,0,50,0,0,0,0,0,0,0,0,7,0,0,25,0,0,1,0,0,0,0,5,0,0,0,0,0,0,0,0,0,0,2,0,0,11,0,0,4,0,0,0,0,0,0,0,1377,0,0,0,0,0,0,0,0,0,0,0,0,0,0,0,0,4,0,0,0,0,0,0,0,0,0,0,0,0,0,0,0,0,3,0,0,3,0,0,0,0,0,0,0,0,0,0,0,0,0,0,0,0,0,0,0,1,0,0,1,0,0,0,0,0,2,0,0,0,0,0,0,0,0,0,0,0,0,0,0,0,0,4,0,0,0,0,0,0,0,"Win32:LoadMoney-AG [PUP]","PE32 executable (GUI) Intel 80386, for MS Windows",1501,"2ad40ee2f47aaecbd6cca0dccea0c4cf"
"5159",0,1,0,0,38,0,0,0,0,0,0,0,0,0,0,0,0,0,0,0,0,0,0,0,0,0,0,20,0,0,0,0,0,0,0,0,0,0,0,0,0,0,0,0,0,0,0,0,0,41,0,0,0,0,0,1,0,0,0,0,0,0,0,0,0,0,8,0,0,0,0,0,0,0,0,0,0,0,0,0,0,0,3,2,0,0,0,0,0,0,0,0,0,0,0,0,0,0,0,0,0,0,0,0,0,0,0,0,0,0,0,0,0,0,0,0,0,0,0,0,0,0,0,0,0,0,0,0,0,0,0,0,0,0,0,0,0,0,0,0,"","PE32 executable (GUI) Intel 80386, for MS Windows",114,"2d135748236fbc3e4d767be568fea3f0"
"5200",0,1,2,0,721,0,0,4,0,2,0,0,0,41,0,0,63,0,0,21,0,0,0,0,40,0,0,0,0,4,0,0,3,0,0,8,0,0,68,0,0,13,0,0,0,0,0,0,0,2289,0,0,0,0,0,2,0,0,0,0,0,0,0,0,0,0,16,0,3,1,0,2,1,0,0,1,0,2,0,0,0,0,3,16,0,0,11,0,0,0,0,0,0,1,0,0,0,0,0,0,0,0,0,0,2,0,3,0,0,1,0,0,0,2,0,4,0,0,0,0,0,0,0,0,0,0,0,0,0,0,0,0,13,2,0,0,0,1,0,0,"Win32:LoadMoney-AG [PUP]","PE32 executable (GUI) Intel 80386, for MS Windows",3367,"2d4afa7f240e175bc4731e735da6d97b"
"5272",0,0,2,0,100,0,0,0,0,0,0,0,0,14,0,0,50,0,0,2,0,0,0,0,10,0,0,0,0,0,0,0,0,0,0,4,0,0,22,0,0,8,0,0,0,0,0,0,0,2288,0,0,0,0,0,0,0,0,0,0,0,0,0,0,0,0,8,0,0,0,0,0,0,0,0,0,0,0,0,0,0,0,0,6,0,0,6,0,0,0,0,0,0,0,0,0,0,0,0,0,0,0,0,0,0,0,2,0,0,1,0,0,0,0,0,4,0,0,0,0,0,0,0,0,0,0,0,0,0,0,0,0,8,0,0,0,0,0,0,0,"Win32:LoadMoney-AG [PUP]","PE32 executable (GUI) Intel 80386, for MS Windows",2535,"2dab1b1378d6172f087ebe23adc5a95e"
"5368",0,1,2,0,721,0,0,4,0,2,0,0,0,41,0,0,63,0,0,21,0,0,0,0,40,0,0,0,0,4,0,0,3,0,0,13,0,0,68,0,0,17,0,0,0,0,0,0,0,2289,0,0,0,6,0,2,0,0,0,0,0,0,0,0,0,0,16,0,3,1,0,2,1,0,0,1,0,2,0,0,0,0,3,42,0,0,11,0,0,0,0,0,0,1,0,0,0,0,0,0,0,0,0,0,2,0,3,0,0,1,0,0,0,2,0,4,0,0,0,0,0,0,0,0,0,0,0,0,0,0,0,0,13,2,0,0,0,1,0,0,"Win32:LoadMoney-AG [PUP]","PE32 executable (GUI) Intel 80386, for MS Windows",3408,"2e1857c02da54d611a25403b8557b4ab"
"5586",0,1,2,0,721,0,0,4,0,2,0,0,0,41,0,0,63,0,0,15,0,0,0,0,40,0,0,0,0,4,0,0,3,0,0,13,0,0,68,0,0,17,0,0,0,0,0,0,0,2289,0,0,0,6,0,2,0,0,0,0,0,0,0,0,0,0,16,0,3,1,0,2,1,0,0,1,0,2,0,0,0,0,3,41,0,0,11,0,0,0,0,0,0,1,0,0,0,0,0,0,0,0,0,0,2,0,3,0,0,1,0,0,0,2,0,4,0,0,0,0,0,0,0,0,0,0,0,0,0,0,0,0,13,2,0,0,0,1,0,0,"","PE32 executable (GUI) Intel 80386, for MS Windows",3401,"2f0b528afb638e328fd5bfd240ea4c3c"
"5590",0,1,2,0,721,0,0,4,0,2,0,0,0,41,0,0,63,0,0,15,0,0,0,0,40,0,0,0,0,4,0,0,3,0,0,13,0,0,68,0,0,17,0,0,0,0,0,0,0,2289,0,0,0,6,0,2,0,0,0,0,0,0,0,0,0,0,16,0,3,1,0,2,1,0,0,1,0,2,0,0,0,0,3,41,0,0,11,0,0,0,0,0,0,1,0,0,0,0,0,0,0,0,0,0,2,0,3,0,0,1,0,0,0,2,0,4,0,0,0,0,0,0,0,0,0,0,0,0,0,0,0,0,13,2,0,0,0,1,0,0,"Win32:LoadMoney-AG [PUP]","PE32 executable (GUI) Intel 80386, for MS Windows",3401,"2f0d9d3d5ed7b34648e573b95d1eeaf2"
"5598",0,11,2,0,721,0,0,4,0,2,0,0,0,45,0,0,63,0,0,25,0,0,0,0,40,0,0,0,0,6,0,0,46,0,0,9,0,0,68,0,0,23,0,0,0,0,0,0,0,1207,0,0,0,0,0,6,0,0,0,0,0,0,0,0,0,0,16,0,5,2,0,2,1,0,0,2,0,2,0,0,0,0,3,15,0,0,11,0,0,354,0,0,0,1,0,0,0,0,0,0,0,0,0,0,2,0,3,0,0,1,0,0,0,2,0,4,0,0,0,0,0,0,0,0,0,0,0,0,0,0,0,0,13,2,0,0,0,1,0,0,"0","PE32 executable (GUI) Intel 80386, for MS Windows",2720,"2f1748fa776a78b692c8b47ea40dfd29"
"5818",0,15,2,0,729,0,0,11,4,2,0,0,0,45,0,0,64,0,0,12,0,2,0,0,41,0,0,0,0,4,0,0,3,0,0,15,2,0,68,0,0,28,0,0,0,0,0,0,0,971,0,0,0,6,0,12,0,0,0,0,0,0,0,0,0,0,24,0,3,1,0,2,1,0,0,1,0,6,0,0,0,0,3,41,0,0,11,0,0,0,0,0,0,1,0,0,0,0,0,0,0,0,0,0,2,0,2,0,0,1,0,0,0,2,0,4,0,0,0,0,0,0,0,0,0,0,0,0,0,0,0,0,13,2,0,0,0,1,0,0,"Win32:Malware-gen","PE32 executable (GUI) Intel 80386, for MS Windows",2157,"304ed06b3cb53078750100c8b7cf3642"
"5835",0,1,2,0,721,0,0,4,0,2,0,0,0,41,0,0,63,0,0,21,0,0,0,0,40,0,0,0,0,4,0,0,3,0,0,13,0,0,68,0,0,17,0,0,0,0,0,0,0,673,0,0,0,6,0,2,0,0,0,0,0,0,0,0,0,0,16,0,3,1,0,2,1,0,0,1,0,2,0,0,0,0,3,41,0,0,11,0,0,0,0,0,0,1,0,0,0,0,0,0,0,0,0,0,2,0,3,0,0,1,0,0,0,2,0,4,0,0,0,0,0,0,0,0,0,0,0,0,0,0,0,0,13,2,0,0,0,1,0,0,"","PE32 executable (GUI) Intel 80386, for MS Windows",1791,"30892f434b8046cfcd56675f0ccd3c6e"
"5929",0,1,2,0,721,0,0,4,0,2,0,0,0,41,0,0,63,0,0,21,0,0,0,0,40,0,0,0,0,4,0,0,3,0,0,13,0,0,68,0,0,17,0,0,0,0,0,0,0,667,0,0,0,6,0,2,0,0,0,0,0,0,0,0,0,0,16,0,3,1,0,2,1,0,0,1,0,2,0,0,0,0,3,41,0,0,11,0,0,0,0,0,0,1,0,0,0,0,0,0,0,0,0,0,2,0,3,0,0,1,0,0,0,2,0,4,0,0,0,0,0,0,0,0,0,0,0,0,0,0,0,0,13,2,0,0,0,1,0,0,"","PE32 executable (GUI) Intel 80386, for MS Windows",1785,"323d71d2fce25d7b36d75e3f6bfbad4a"
"6236",0,1,2,0,721,0,0,4,0,2,0,0,0,41,0,0,63,0,0,21,0,0,0,0,40,0,0,0,0,4,0,0,3,0,0,8,0,0,68,0,0,13,0,0,0,0,0,0,0,2289,0,0,0,0,0,2,0,0,0,0,0,0,0,0,0,0,16,0,3,1,0,2,1,0,0,1,0,2,0,0,0,0,3,17,0,0,11,0,0,0,0,0,0,1,0,0,0,0,0,0,0,0,0,0,2,0,3,0,0,1,0,0,0,2,0,4,0,0,0,0,0,0,0,0,0,0,0,0,0,0,0,0,13,2,0,0,0,1,0,0,"Win32:LoadMoney-AG [PUP]","PE32 executable (GUI) Intel 80386, for MS Windows",3368,"368af186f7ec3a1bb4e0a6aff77fec7a"
"6341",0,1,2,0,721,0,0,4,0,2,0,0,0,41,0,0,63,0,0,21,0,0,0,0,40,0,0,0,0,4,0,0,3,0,0,13,0,0,68,0,0,17,0,0,0,0,0,0,0,2289,0,0,0,6,0,2,0,0,0,0,0,0,0,0,0,0,16,0,3,1,0,2,1,0,0,1,0,2,0,0,0,0,3,42,0,0,11,0,0,0,0,0,0,1,0,0,0,0,0,0,0,0,0,0,2,0,3,0,0,1,0,0,0,2,0,4,0,0,0,0,0,0,0,0,0,0,0,0,0,0,0,0,13,2,0,0,0,1,0,0,"Win32:LoadMoney-AG [PUP]","PE32 executable (GUI) Intel 80386, for MS Windows",3408,"38219430396cc465d8c7d114b44e17ac"
"6409",0,6,0,0,511,0,0,61,2,0,0,0,0,14,0,0,29,0,0,0,0,2,0,0,12,0,0,0,0,0,0,0,1,0,0,3,0,0,24,0,0,4,0,0,0,0,0,0,0,962,0,0,0,0,0,10,0,0,0,0,0,0,0,0,0,0,21,0,0,0,0,0,0,0,0,0,0,5,0,0,0,0,0,0,0,0,3,0,0,0,0,0,0,0,0,0,0,0,0,0,0,1,0,0,0,0,0,0,0,0,0,0,0,0,0,0,0,0,0,1,0,1,0,0,0,0,0,0,0,0,0,0,0,0,0,0,0,0,0,0,"Win32:Malware-gen","PE32 executable (GUI) Intel 80386, for MS Windows",1673,"394b3a63929740f6a099b2e9d03d990a"
"6566",0,11,2,0,698,0,0,17,0,2,0,0,0,54,0,0,68,0,0,25,0,0,0,0,45,0,0,0,0,4,0,0,3,0,0,8,0,0,71,0,0,23,0,0,0,0,0,0,0,829,0,0,0,0,0,10,0,0,0,0,0,0,0,0,0,0,20,0,3,1,0,2,1,0,0,1,0,2,0,0,0,0,3,16,0,0,9,0,0,0,0,0,0,1,0,0,0,0,0,0,0,0,0,0,2,0,3,0,0,1,0,0,0,2,0,4,0,0,0,0,0,0,0,0,0,0,0,0,0,0,0,0,13,2,0,0,0,1,0,0,"Win32:LoadMoney-AT [Trj]","PE32 executable (GUI) Intel 80386, for MS Windows",1957,"3a2adb5ff6210188aea462f8241a13c3"
"6792",0,104,2,0,957,0,0,18,4,0,0,0,0,50,0,0,67,0,0,12,0,2,0,0,44,0,0,0,0,4,0,0,3,0,0,15,2,0,75,0,0,28,0,0,0,0,0,0,0,3801,0,0,12,6,12,15,0,12,0,0,0,0,0,0,0,0,54,0,3,1,0,2,1,0,0,1,0,6,0,0,0,0,6,46,0,0,4,0,0,0,0,0,0,1,0,0,0,0,0,0,0,0,0,0,24,0,2,0,0,1,0,0,0,2,0,4,0,0,0,0,0,0,0,0,0,0,0,0,0,0,0,0,17,0,0,0,0,7,12,0,"Win32:Malware-gen","PE32 executable (GUI) Intel 80386, for MS Windows",5439,"3b69a74a8a35d83734e56a78a7572ba0"
"7184",0,1,0,0,37,0,0,0,0,0,0,0,0,0,0,0,0,0,0,0,0,0,0,0,0,0,0,20,0,0,0,0,0,0,0,0,0,0,0,0,0,0,0,0,0,0,0,0,0,41,0,0,0,0,0,1,0,0,0,0,0,0,0,0,0,0,7,0,0,0,0,0,0,0,0,0,0,0,0,0,0,0,3,2,0,0,0,0,0,0,0,0,0,0,0,0,0,0,0,0,0,0,0,0,0,0,0,0,0,0,0,0,0,0,0,0,0,0,0,0,0,0,0,0,0,0,0,0,0,0,0,0,0,0,0,0,0,0,0,0,"","PE32 executable (GUI) Intel 80386, for MS Windows",112,"3d4dbb41d8f3647449c6a5b6aa999e10"
"7233",0,0,0,0,0,0,0,0,0,0,0,0,0,0,0,0,0,0,0,0,0,0,0,0,0,0,0,0,0,0,0,0,0,0,0,1,0,0,0,0,0,0,0,0,0,0,0,0,0,2904,0,0,0,0,0,0,0,0,0,0,0,2904,0,0,0,0,0,0,0,0,0,0,0,0,1,0,0,0,0,0,0,0,0,0,0,0,0,0,0,0,0,0,0,0,0,0,0,0,0,0,0,0,0,0,0,0,0,0,0,0,0,0,0,0,0,0,0,0,0,0,0,0,0,0,0,0,0,0,0,0,0,0,0,0,0,0,0,0,0,0,"Win32:SwPatch [Wrm]","PE32 executable (console) Intel 80386, for MS Windows",5810,"3d8c02940cf664f69c7deba958b13872"
"7258",0,1,2,0,721,0,0,4,0,2,0,0,0,41,0,0,63,0,0,21,0,0,0,0,40,0,0,0,0,4,0,0,3,0,0,8,0,0,68,0,0,13,0,0,0,0,0,0,0,667,0,0,0,0,0,2,0,0,0,0,0,0,0,0,0,0,16,0,3,1,0,2,1,0,0,1,0,2,0,0,0,0,3,16,0,0,11,0,0,0,0,0,0,1,0,0,0,0,0,0,0,0,0,0,2,0,3,0,0,1,0,0,0,2,0,4,0,0,0,0,0,0,0,0,0,0,0,0,0,0,0,0,13,2,0,0,0,1,0,0,"","PE32 executable (GUI) Intel 80386, for MS Windows",1745,"3db0cfe31d6155200aafd8389386b141"
"7474",0,7,0,0,68,0,0,0,0,0,0,0,0,4,0,0,4,0,0,3,0,37,0,0,0,0,0,0,0,39,0,0,2,0,0,40,1,0,8,0,0,5,0,0,0,0,0,0,0,1829,0,0,0,0,0,5,0,0,0,0,0,896,0,0,11,0,0,0,2,0,0,0,0,0,1930,0,0,37,0,0,0,0,0,742,0,0,0,0,0,0,0,0,1,0,0,0,0,0,0,0,0,0,0,0,0,0,0,0,0,0,0,0,0,0,0,0,0,0,0,0,0,0,0,0,0,0,0,0,0,0,0,0,0,0,0,0,0,3,0,1,"Win32:Malware-gen","PE32 executable (GUI) Intel 80386, for MS Windows",5674,"3e909fcacdaedb678321a790d517e9d0"
"7508",0,4,0,0,490,0,0,12,0,0,0,0,0,4,0,0,4,0,0,0,0,0,0,0,3,0,0,3,0,0,0,0,0,0,0,0,0,0,16,0,0,2,0,0,0,0,0,0,0,1025,0,0,0,0,0,3,0,0,0,0,0,0,0,0,0,0,11,0,0,0,0,0,0,0,0,0,0,0,0,0,1,0,0,4,0,0,3,0,0,0,0,0,0,0,0,0,0,0,0,0,0,1,0,0,0,0,0,0,0,0,0,0,0,1,0,0,0,0,0,1,0,0,0,0,0,0,0,0,0,0,0,0,0,0,0,0,0,0,0,0,"Win32:VB-AAZU [Drp]","PE32 executable (GUI) Intel 80386, for MS Windows",1588,"3eb6c3d30c08a2ab49319feb9159d18a"
"7675",0,1,2,0,721,0,0,4,0,2,0,0,0,40,0,0,63,0,0,8,0,0,0,0,40,0,0,0,0,4,0,0,3,0,0,13,0,0,68,0,0,16,0,0,0,0,0,0,0,2289,0,0,0,6,0,2,0,0,0,0,0,0,0,0,0,0,16,0,3,1,0,2,1,0,0,1,0,2,0,0,0,0,3,41,0,0,11,0,0,0,0,0,0,1,0,0,0,0,0,0,0,0,0,0,2,0,2,0,0,1,0,0,0,2,0,4,0,0,0,0,0,0,0,0,0,0,0,0,0,0,0,0,13,2,0,0,0,1,0,0,"Win32:LoadMoney-AG [PUP]","PE32 executable (GUI) Intel 80386, for MS Windows",3391,"3f6f633cc2e06686bbfce857a9b84314"
"7703",0,13,3,0,106,0,0,0,2,0,0,0,0,21,0,0,40,0,0,4,0,1,0,1,30,1,0,20,0,30,0,0,15,0,0,23,2,0,22,0,0,12,0,0,0,0,0,0,0,262,0,0,0,4,0,13,0,0,0,0,0,0,0,0,0,0,12,0,16,0,0,0,0,0,0,0,0,3,0,0,0,5,0,0,0,0,3,5,0,0,0,0,1,0,0,0,0,0,0,0,0,0,0,0,0,0,0,0,0,0,0,0,0,0,0,2,0,0,0,0,0,0,0,0,0,0,0,0,0,0,0,0,5,0,0,1,0,3,0,1,"Win32:Trojan-gen","PE32 executable (GUI) Intel 80386, for MS Windows, UPX compressed",681,"3f86e1f202fa63ddd5a37aecce480ce6"
"8404",0,11,2,0,721,0,0,4,0,2,0,0,0,44,0,0,63,0,0,12,0,0,0,0,40,0,0,0,0,4,0,0,3,0,0,8,0,0,68,0,0,22,0,0,0,0,0,0,0,1207,0,0,0,0,0,6,0,0,0,0,0,0,0,0,0,0,16,0,3,1,0,2,1,0,0,1,0,2,0,0,0,0,3,14,0,0,11,0,0,354,0,0,0,1,0,0,0,0,0,0,0,0,0,0,2,0,2,0,0,1,0,0,0,2,0,4,0,0,0,0,0,0,0,0,0,0,0,0,0,0,0,0,13,2,0,0,0,1,0,0,"Win32:LoadMoney-AL [Trj]","PE32 executable (GUI) Intel 80386, for MS Windows",2653,"47f91055e6d06749913850e89d8a1a11"
"8593",0,4,0,0,490,0,0,12,0,0,0,0,0,4,0,0,4,0,0,0,0,0,0,0,3,0,0,3,0,0,0,0,0,0,0,0,0,0,16,0,0,2,0,0,0,0,0,0,0,1025,0,0,0,0,0,3,0,0,0,0,0,0,0,0,0,0,11,0,0,0,0,0,0,0,0,0,0,0,0,0,1,0,0,4,0,0,3,0,0,0,0,0,0,0,0,0,0,0,0,0,0,1,0,0,0,0,0,0,0,0,0,0,0,1,0,0,0,0,0,1,0,0,0,0,0,0,0,0,0,0,0,0,0,0,0,0,0,0,0,0,"Win32:Downloader-MKY [Trj]","PE32 executable (GUI) Intel 80386, for MS Windows",1588,"490038ad7e29d57d1363b473a15a5950"
"8696",0,4,0,0,495,0,0,12,0,0,0,0,0,9,0,0,23,0,0,0,0,0,0,0,9,0,0,3,0,0,0,0,1,0,0,1,0,0,18,0,0,2,0,0,0,0,0,0,0,1025,0,0,0,0,0,7,0,0,0,0,0,0,0,0,0,0,14,0,0,0,0,0,0,0,0,0,0,0,0,0,1,0,0,4,0,0,3,0,0,0,0,0,0,0,0,0,0,0,0,0,0,1,0,0,0,0,0,0,0,0,0,0,0,1,0,0,0,0,0,1,0,0,0,0,0,0,0,0,0,0,0,0,0,0,0,0,0,0,0,0,"Win32:AutoRun-COP [Trj]","PE32 executable (GUI) Intel 80386, for MS Windows",1634,"497d137231658194d569159cb88c845a"
"9151",0,1,2,0,721,0,0,4,0,2,0,0,0,41,0,0,63,0,0,21,0,0,0,0,40,0,0,0,0,4,0,0,3,0,0,8,0,0,68,0,0,13,0,0,0,0,0,0,0,2289,0,0,0,0,0,2,0,0,0,0,0,0,0,0,0,0,16,0,3,1,0,2,1,0,0,1,0,2,0,0,0,0,3,16,0,0,11,0,0,0,0,0,0,1,0,0,0,0,0,0,0,0,0,0,2,0,3,0,0,1,0,0,0,2,0,4,0,0,0,0,0,0,0,0,0,0,0,0,0,0,0,0,13,2,0,0,0,1,0,0,"Win32:LoadMoney-AG [PUP]","PE32 executable (GUI) Intel 80386, for MS Windows",3367,"4b75e71dea0de1285c2c050fb1756fd4"
"9156",0,1,2,0,721,0,0,4,0,2,0,0,0,41,0,0,63,0,0,21,0,0,0,0,40,0,0,0,0,4,0,0,3,0,0,8,0,0,68,0,0,13,0,0,0,0,0,0,0,2289,0,0,0,0,0,2,0,0,0,0,0,0,0,0,0,0,16,0,3,1,0,2,1,0,0,1,0,2,0,0,0,0,3,16,0,0,11,0,0,0,0,0,0,1,0,0,0,0,0,0,0,0,0,0,2,0,3,0,0,1,0,0,0,2,0,4,0,0,0,0,0,0,0,0,0,0,0,0,0,0,0,0,13,2,0,0,0,1,0,0,"Win32:LoadMoney-AG [PUP]","PE32 executable (GUI) Intel 80386, for MS Windows",3367,"4b7ddb22c2f1f777c239bfa439f50959"
"9224",0,7,0,0,68,0,0,0,0,0,0,0,0,4,0,0,4,0,0,3,0,33,0,0,0,0,0,0,0,35,0,0,2,0,0,36,1,0,8,0,0,5,0,0,0,0,0,0,0,1740,0,0,0,0,0,5,0,0,0,0,0,852,0,0,11,0,0,0,2,0,0,0,0,0,1821,0,0,33,0,0,0,0,0,702,0,0,0,0,0,0,0,0,1,0,0,0,0,0,0,0,0,0,0,0,0,0,0,0,0,0,0,0,0,0,0,0,0,0,0,0,0,0,0,0,0,0,0,0,0,0,0,0,0,0,0,0,0,3,0,1,"Win32:Malware-gen","PE32 executable (GUI) Intel 80386, for MS Windows",5376,"4bc6c847c06d5af516ff7a202e1625a0"
"9444",0,1,2,0,721,0,0,4,0,2,0,0,0,41,0,0,63,0,0,21,0,0,0,0,40,0,0,0,0,6,0,0,57,0,0,9,0,0,68,0,0,13,0,0,0,0,0,0,0,2289,0,0,0,0,0,2,0,0,0,0,0,0,0,0,0,0,16,0,5,2,0,2,1,0,0,2,0,2,0,0,0,0,3,17,0,0,11,0,0,0,0,0,0,1,0,0,0,0,0,0,0,0,0,0,2,0,3,0,0,1,0,0,0,2,0,4,0,0,0,0,0,0,0,0,0,0,0,0,0,0,0,0,13,2,0,0,0,1,0,0,"Win32:LoadMoney-AG [PUP]","PE32 executable (GUI) Intel 80386, for MS Windows",3429,"4caf30f0158a841b7f8c93293a2c57d1"
"9460",0,4,0,0,490,0,0,12,0,0,0,0,0,4,0,0,4,0,0,0,0,0,0,0,3,0,0,3,0,0,0,0,0,0,0,0,0,0,16,0,0,2,0,0,0,0,0,0,0,1025,0,0,0,0,0,3,0,0,0,0,0,0,0,0,0,0,11,0,0,0,0,0,0,0,0,0,0,0,0,0,1,0,0,4,0,0,3,0,0,0,0,0,0,0,0,0,0,0,0,0,0,1,0,0,0,0,0,0,0,0,0,0,0,1,0,0,0,0,0,1,0,0,0,0,0,0,0,0,0,0,0,0,0,0,0,0,0,0,0,0,"Win32:VB-AAZU [Drp]","PE32 executable (GUI) Intel 80386, for MS Windows",1588,"4cc04635f7a7099412e35a363cadf812"
"9504",0,1,2,0,721,0,0,4,0,2,0,0,0,41,0,0,63,0,0,21,0,0,0,0,40,0,0,0,0,6,0,0,46,0,0,9,0,0,68,0,0,13,0,0,0,0,0,0,0,2289,0,0,0,0,0,2,0,0,0,0,0,0,0,0,0,0,16,0,5,2,0,2,1,0,0,2,0,2,0,0,0,0,3,19,0,0,11,0,0,0,0,0,0,1,0,0,0,0,0,0,0,0,0,0,2,0,3,0,0,1,0,0,0,2,0,4,0,0,0,0,0,0,0,0,0,0,0,0,0,0,0,0,13,2,0,0,0,1,0,0,"Win32:LoadMoney-AG [PUP]","PE32 executable (GUI) Intel 80386, for MS Windows",3420,"4cf2135664f9686965cc4bc488610485"
"9531",0,1,2,0,721,0,0,4,0,2,0,0,0,41,0,0,63,0,0,21,0,0,0,0,40,0,0,0,0,4,0,0,3,0,0,8,0,0,68,0,0,13,0,0,0,0,0,0,0,2289,0,0,0,0,0,2,0,0,0,0,0,0,0,0,0,0,16,0,3,1,0,2,1,0,0,1,0,2,0,0,0,0,3,16,0,0,11,0,0,0,0,0,0,1,0,0,0,0,0,0,0,0,0,0,2,0,3,0,0,1,0,0,0,2,0,4,0,0,0,0,0,0,0,0,0,0,0,0,0,0,0,0,13,2,0,0,0,1,0,0,"Win32:LoadMoney-AG [PUP]","PE32 executable (GUI) Intel 80386, for MS Windows",3367,"4d0ee94dd2a7357bba4b2ec760b64e50"
"9823",0,1,0,0,67,0,0,0,0,0,0,0,0,1,0,0,0,0,0,0,0,8,0,0,0,0,0,0,0,7,0,0,1,0,0,10,1,0,7,0,0,2,0,0,0,0,0,0,0,1071,0,0,0,0,0,1,0,0,0,0,0,515,0,0,3,0,0,0,1,0,0,0,0,0,1076,0,0,8,0,0,0,0,3,365,0,0,0,0,0,0,0,0,1,0,0,0,0,0,0,0,0,0,0,0,0,0,0,0,0,0,0,0,0,0,0,0,0,0,0,0,0,0,0,0,0,0,0,0,0,0,0,0,0,0,0,0,0,3,0,1,"Win32:Malware-gen","PE32 executable (GUI) Intel 80386, for MS Windows",3152,"4e4ad1943877cfea8a828019e96b7f10"
"9889",0,0,2,0,317,0,0,0,0,0,0,0,0,15,0,0,50,0,0,21,0,0,0,0,10,0,0,0,0,0,0,0,0,0,0,4,0,0,42,0,0,9,0,0,0,0,0,0,0,2289,0,0,0,0,0,1,0,0,0,0,0,0,0,0,0,0,8,0,0,1,0,0,1,0,0,1,0,0,0,0,0,0,0,6,0,0,11,0,0,0,0,0,0,0,0,0,0,0,0,0,0,0,0,0,0,0,3,0,0,1,0,0,0,0,0,4,0,0,0,0,0,0,0,0,0,0,0,0,0,0,0,0,9,1,0,0,0,0,0,0,"Win32:LoadMoney-AG [PUP]","PE32 executable (GUI) Intel 80386, for MS Windows",2806,"4ec3aa03aabadfdf80a038a3d63f4891"
"10126",0,0,2,0,317,0,0,0,0,0,0,0,0,15,0,0,50,0,0,21,0,0,0,0,10,0,0,0,0,2,0,0,0,0,0,5,0,0,42,0,0,9,0,0,0,0,0,0,0,2289,0,0,0,0,0,1,0,0,0,0,0,0,0,0,0,0,8,0,1,1,0,0,1,0,0,1,0,0,0,0,0,0,0,6,0,0,11,0,0,0,0,0,0,0,0,0,0,0,0,0,0,0,0,0,0,0,3,0,0,1,0,0,0,0,0,4,0,0,0,0,0,0,0,0,0,0,0,0,0,0,0,0,9,1,0,0,0,0,0,0,"Win32:LoadMoney-AG [PUP]","PE32 executable (GUI) Intel 80386, for MS Windows",2810,"508995b095ca7792ffb1559a09fd8c2b"
"10200",0,0,1,0,50,0,0,0,0,0,0,0,0,7,0,0,25,0,0,1,0,0,0,0,5,0,0,0,0,0,0,0,0,0,0,2,0,0,11,0,0,4,0,0,0,0,0,0,0,1158,0,0,0,0,0,0,0,0,0,0,0,0,0,0,0,0,4,0,0,0,0,0,0,0,0,0,0,0,0,0,0,0,0,3,0,0,3,0,0,0,0,0,0,0,0,0,0,0,0,0,0,0,0,0,0,0,1,0,0,1,0,0,0,0,0,2,0,0,0,0,0,0,0,0,0,0,0,0,0,0,0,0,4,0,0,0,0,0,0,0,"0","PE32 executable (GUI) Intel 80386, for MS Windows",1282,"516920dd1abe09c9b8c7a5a79befa9a3"
"10327",0,11,2,0,721,0,0,4,0,2,0,0,0,44,0,0,63,0,0,12,0,0,0,0,40,0,0,0,0,4,0,0,3,0,0,8,0,0,68,0,0,22,0,0,0,0,0,0,0,1207,0,0,0,0,0,6,0,0,0,0,0,0,0,0,0,0,16,0,3,1,0,2,1,0,0,1,0,2,0,0,0,0,3,15,0,0,11,0,0,354,0,0,0,1,0,0,0,0,0,0,0,0,0,0,2,0,2,0,0,1,0,0,0,2,0,4,0,0,0,0,0,0,0,0,0,0,0,0,0,0,0,0,13,2,0,0,0,1,0,0,"Win32:LoadMoney-AL [Trj]","PE32 executable (GUI) Intel 80386, for MS Windows",2654,"536bbbcfb1ad28753db5c86cfa4ddeb0"
"10414",0,11,2,0,721,0,0,4,0,2,0,0,0,44,0,0,63,0,0,12,0,0,0,0,40,0,0,0,0,4,0,0,3,0,0,8,0,0,68,0,0,22,0,0,0,0,0,0,0,1207,0,0,0,0,0,6,0,0,0,0,0,0,0,0,0,0,16,0,3,1,0,2,1,0,0,1,0,2,0,0,0,0,3,14,0,0,11,0,0,354,0,0,0,1,0,0,0,0,0,0,0,0,0,0,2,0,2,0,0,1,0,0,0,2,0,4,0,0,0,0,0,0,0,0,0,0,0,0,0,0,0,0,13,2,0,0,0,1,0,0,"Win32:LoadMoney-AL [Trj]","PE32 executable (GUI) Intel 80386, for MS Windows",2653,"54b30743627051b8beb49d110d6baeaf"
"10428",0,1,2,0,721,0,0,4,0,2,0,0,0,41,0,0,63,0,0,21,0,0,0,0,40,0,0,0,0,4,0,0,3,0,0,8,0,0,68,0,0,13,0,0,0,0,0,0,0,2289,0,0,0,0,0,2,0,0,0,0,0,0,0,0,0,0,16,0,3,1,0,2,1,0,0,1,0,2,0,0,0,0,3,17,0,0,11,0,0,0,0,0,0,1,0,0,0,0,0,0,0,0,0,0,2,0,3,0,0,1,0,0,0,2,0,4,0,0,0,0,0,0,0,0,0,0,0,0,0,0,0,0,13,2,0,0,0,1,0,0,"Win32:LoadMoney-AG [PUP]","PE32 executable (GUI) Intel 80386, for MS Windows",3368,"550f7d733655f7f0d2cf9e56fc05e01c"
"10900",0,4,0,0,490,0,0,12,0,0,0,0,0,4,0,0,4,0,0,0,0,0,0,0,3,0,0,3,0,0,0,0,0,0,0,0,0,0,16,0,0,2,0,0,0,0,0,0,0,1025,0,0,0,0,0,3,0,0,0,0,0,0,0,0,0,0,11,0,0,0,0,0,0,0,0,0,0,0,0,0,1,0,0,4,0,0,3,0,0,0,0,0,0,0,0,0,0,0,0,0,0,1,0,0,0,0,0,0,0,0,0,0,0,1,0,0,0,0,0,1,0,0,0,0,0,0,0,0,0,0,0,0,0,0,0,0,0,0,0,0,"Win32:VB-AAUO [Trj]","PE32 executable (GUI) Intel 80386, for MS Windows",1588,"5827c28ced8334f6051938d49a5b2ac2"
"10958",0,0,0,0,0,0,0,0,0,0,0,0,0,2,0,0,4,0,0,1,0,0,0,0,1,0,0,1,0,0,0,0,0,0,0,0,0,0,2,0,0,1,0,0,0,0,0,0,0,13763,0,0,0,0,0,0,0,0,0,0,0,0,0,0,0,0,2,0,0,0,0,0,0,0,0,0,0,0,0,0,0,0,0,0,0,0,0,0,0,0,0,0,0,0,0,0,0,0,0,0,0,0,0,0,0,0,0,0,0,0,0,0,0,0,0,0,0,0,0,0,0,0,0,0,0,0,0,0,0,0,0,0,7,0,0,0,0,0,0,0,"Win32:Malware-gen","PE32 executable (DLL) (GUI) Intel 80386, for MS Windows, UPX compressed",13784,"58779f1db04bbd4b3b348d301b1ef9c4"
"11019",0,4,0,0,490,0,0,12,0,0,0,0,0,4,0,0,4,0,0,0,0,0,0,0,3,0,0,3,0,0,0,0,0,0,0,0,0,0,16,0,0,2,0,0,0,0,0,0,0,1025,0,0,0,0,0,3,0,0,0,0,0,0,0,0,0,0,11,0,0,0,0,0,0,0,0,0,0,0,0,0,1,0,0,4,0,0,3,0,0,0,0,0,0,0,0,0,0,0,0,0,0,1,0,0,0,0,0,0,0,0,0,0,0,1,0,0,0,0,0,1,0,0,0,0,0,0,0,0,0,0,0,0,0,0,0,0,0,0,0,0,"Win32:VB-AAZU [Drp]","PE32 executable (GUI) Intel 80386, for MS Windows",1588,"58d2e5b90832401c518e9cdd74662466"
"11180",0,0,0,0,0,0,0,0,0,0,0,0,0,0,0,0,0,0,0,0,0,1875,0,0,0,0,0,0,0,0,0,0,1874,0,0,0,0,0,0,0,0,0,0,0,0,0,0,0,0,5623,0,0,0,0,0,0,0,0,0,0,0,0,0,0,0,0,0,0,0,0,0,0,0,0,0,0,0,0,0,0,0,0,0,1874,0,0,0,0,0,0,0,0,0,0,0,0,0,0,0,0,0,0,0,0,0,0,0,0,0,0,0,0,0,0,0,0,0,0,0,0,0,0,0,0,0,0,0,0,0,0,0,0,0,0,0,0,0,0,0,0,"Win32:Kryptik-JOF [Trj]","PE32 executable (GUI) Intel 80386, for MS Windows",11246,"59c4f6853bacadb4897a5b1a51efd90a"
"11388",0,0,0,0,424,0,0,2325,0,0,0,0,0,6,0,0,4,0,0,0,0,0,0,0,4,0,0,0,0,2,0,0,1,0,0,1,0,0,13,0,0,0,0,0,0,0,0,0,0,1631,0,0,0,0,0,3,0,0,1,0,0,0,0,0,0,0,472,0,1,0,0,0,0,0,0,0,0,0,0,0,0,0,0,1,0,0,0,0,0,0,0,0,0,0,0,0,0,0,0,0,0,2,0,0,0,0,0,0,0,0,0,0,0,0,0,0,0,0,0,0,0,0,0,0,0,0,0,0,0,0,0,0,0,0,0,0,0,5,0,0,"0","PE32 executable (GUI) Intel 80386, for MS Windows",4896,"5b90c934e41283c8970c9646733bf4b8"
"11409",0,9,0,0,1010,0,0,72,0,0,0,0,0,192,0,0,8,0,0,2,0,2,0,0,6,0,0,3,0,1,0,0,68,0,0,68,0,0,55,0,0,8,4,0,0,0,0,0,0,1559,0,0,0,0,0,7,0,0,4,0,0,152,0,1,0,0,27,0,241,0,0,0,0,0,72,0,0,7,0,0,1,0,3,176,0,0,6,0,0,0,0,0,180,0,0,0,0,0,0,0,0,2,0,7,0,0,208,0,0,1,0,0,0,1,0,0,0,0,0,2,0,0,0,0,0,0,0,0,0,0,0,0,0,0,0,0,0,0,0,33,"Win32:VB-ITN","PE32 executable (GUI) Intel 80386, for MS Windows",4165,"5bd09ec8df33b0cf096d57c44b34016b"
"11760",0,1,2,0,721,0,0,4,0,2,0,0,0,41,0,0,63,0,0,21,0,0,0,0,40,0,0,0,0,4,0,0,3,0,0,8,0,0,68,0,0,13,0,0,0,0,0,0,0,2289,0,0,0,0,0,2,0,0,0,0,0,0,0,0,0,0,16,0,3,1,0,2,1,0,0,1,0,2,0,0,0,0,3,17,0,0,11,0,0,0,0,0,0,1,0,0,0,0,0,0,0,0,0,0,2,0,3,0,0,1,0,0,0,2,0,4,0,0,0,0,0,0,0,0,0,0,0,0,0,0,0,0,13,2,0,0,0,1,0,0,"Win32:LoadMoney-AG [PUP]","PE32 executable (GUI) Intel 80386, for MS Windows",3368,"5f79b4b99faab3dea681aba684144a6e"
"11907",0,1,2,0,721,0,0,4,0,2,0,0,0,41,0,0,63,0,0,21,0,0,0,0,40,0,0,0,0,4,0,0,3,0,0,13,0,0,68,0,0,17,0,0,0,0,0,0,0,2289,0,0,0,6,0,2,0,0,0,0,0,0,0,0,0,0,16,0,3,1,0,2,1,0,0,1,0,2,0,0,0,0,3,42,0,0,11,0,0,0,0,0,0,1,0,0,0,0,0,0,0,0,0,0,2,0,3,0,0,1,0,0,0,2,0,4,0,0,0,0,0,0,0,0,0,0,0,0,0,0,0,0,13,2,0,0,0,1,0,0,"Win32:LoadMoney-AG [PUP]","PE32 executable (GUI) Intel 80386, for MS Windows",3408,"61b265059f4b88036497fef3747bfdb2"
"12079",0,11,2,0,715,0,0,4,0,2,0,0,0,44,0,0,63,0,0,12,0,0,0,0,40,0,0,0,0,4,0,0,3,0,0,13,0,0,66,0,0,26,0,0,0,0,0,0,0,1207,0,0,0,6,0,6,0,0,0,0,0,0,0,0,0,0,16,0,3,1,0,2,1,0,0,1,0,2,0,0,0,0,3,40,0,0,11,0,0,354,0,0,0,1,0,0,0,0,0,0,0,0,0,0,2,0,2,0,0,1,0,0,0,2,0,4,0,0,0,0,0,0,0,0,0,0,0,0,0,0,0,0,13,2,0,0,0,1,0,0,"Win32:LoadMoney-AL [Trj]","PE32 executable (GUI) Intel 80386, for MS Windows",2686,"65d27ba7320b5f4bfdfea2eb65a5c424"
"12114",0,15,2,0,735,0,0,11,4,2,0,0,0,46,0,0,64,0,0,25,0,2,0,0,41,0,0,0,0,4,0,0,3,0,0,10,2,0,70,0,0,25,0,0,0,0,0,0,0,971,0,0,0,0,0,12,0,0,0,0,0,0,0,0,0,0,24,0,3,1,0,2,1,0,0,1,0,6,0,0,0,0,3,16,0,0,11,0,0,0,0,0,0,1,0,0,0,0,0,0,0,0,0,0,2,0,3,0,0,1,0,0,0,2,0,4,0,0,0,0,0,0,0,0,0,0,0,0,0,0,0,0,13,2,0,0,0,1,0,0,"Win32:Malware-gen","PE32 executable (GUI) Intel 80386, for MS Windows",2141,"66d7c7cb3cd4bf0c1a42f02183d21086"
"12138",0,1,2,0,721,0,0,4,0,2,0,0,0,41,0,0,63,0,0,21,0,0,0,0,40,0,0,0,0,4,0,0,20,0,0,8,0,0,68,0,0,13,0,0,0,0,0,0,0,2289,0,0,0,0,0,2,0,0,0,0,0,0,0,0,0,0,16,0,3,1,0,2,1,0,0,1,0,2,0,0,0,0,3,17,0,0,11,0,0,0,0,0,0,1,0,0,0,0,0,0,0,0,0,0,2,0,3,0,0,1,0,0,0,2,0,4,0,0,0,0,0,0,0,0,0,0,0,0,0,0,0,0,13,2,0,0,0,1,0,0,"","PE32 executable (GUI) Intel 80386, for MS Windows",3385,"678c47c576d971fd91cf0e347146e936"
"12152",0,1,2,0,721,0,0,4,0,2,0,0,0,41,0,0,63,0,0,21,0,0,0,0,40,0,0,0,0,6,0,0,33,0,0,9,0,0,68,0,0,13,0,0,0,0,0,0,0,2289,0,0,0,0,0,2,0,0,0,0,0,0,0,0,0,0,16,0,5,2,0,2,1,0,0,2,0,2,0,0,0,0,3,17,0,0,11,0,0,0,0,0,0,1,0,0,0,0,0,0,0,0,0,0,2,0,3,0,0,1,0,0,0,2,0,4,0,0,0,0,0,0,0,0,0,0,0,0,0,0,0,0,13,2,0,0,0,1,0,0,"Win32:LoadMoney-AG [PUP]","PE32 executable (GUI) Intel 80386, for MS Windows",3405,"67c9db042cb06b36bc40614fd76ecb9e"
"12163",0,15,2,0,735,0,0,11,4,2,0,0,0,46,0,0,64,0,0,25,0,2,0,0,41,0,0,0,0,4,0,0,3,0,0,10,2,0,70,0,0,25,0,0,0,0,0,0,0,971,0,0,0,0,0,12,0,0,0,0,0,0,0,0,0,0,24,0,3,1,0,2,1,0,0,1,0,6,0,0,0,0,3,16,0,0,11,0,0,0,0,0,0,1,0,0,0,0,0,0,0,0,0,0,2,0,3,0,0,1,0,0,0,2,0,4,0,0,0,0,0,0,0,0,0,0,0,0,0,0,0,0,13,2,0,0,0,1,0,0,"Win32:Malware-gen","PE32 executable (GUI) Intel 80386, for MS Windows",2141,"6807ab508ecb4bd0fde2768b72bf7cdb"
"12172",0,1,2,0,721,0,0,4,0,2,0,0,0,41,0,0,63,0,0,21,0,0,0,0,40,0,0,0,0,6,0,0,13,0,0,9,0,0,68,0,0,13,0,0,0,0,0,0,0,2289,0,0,0,0,0,2,0,0,0,0,0,0,0,0,0,0,16,0,5,2,0,2,1,0,0,2,0,2,0,0,0,0,3,17,0,0,11,0,0,0,0,0,0,1,0,0,0,0,0,0,0,0,0,0,2,0,3,0,0,1,0,0,0,2,0,4,0,0,0,0,0,0,0,0,0,0,0,0,0,0,0,0,13,2,0,0,0,1,0,0,"Win32:LoadMoney-AG [PUP]","PE32 executable (GUI) Intel 80386, for MS Windows",3385,"683f53c7d901ab8a2bd9244981e6bf92"
"12203",0,0,2,0,328,0,0,0,0,1,0,0,0,25,0,0,63,0,0,21,0,0,0,0,40,0,0,0,0,2,0,0,1,0,0,7,0,0,57,0,0,13,0,0,0,0,0,0,0,2289,0,0,0,0,0,1,0,0,0,0,0,0,0,0,0,0,9,0,1,1,0,2,1,0,0,1,0,2,0,0,0,0,0,13,0,0,11,0,0,0,0,0,0,1,0,0,0,0,0,0,0,0,0,0,1,0,3,0,0,1,0,0,0,0,0,4,0,0,0,0,0,0,0,0,0,0,0,0,0,0,0,0,9,2,0,0,0,1,0,0,"Win32:LoadMoney-AG [PUP]","PE32 executable (GUI) Intel 80386, for MS Windows",2913,"69028cdd70cfdb617e19bfe56f38ffb2"
"12234",0,1,2,0,721,0,0,4,0,2,0,0,0,41,0,0,63,0,0,15,0,0,0,0,40,0,0,0,0,4,0,0,3,0,0,8,0,0,68,0,0,13,0,0,0,0,0,0,0,2289,0,0,0,0,0,2,0,0,0,0,0,0,0,0,0,0,16,0,3,1,0,2,1,0,0,1,0,2,0,0,0,0,3,17,0,0,11,0,0,0,0,0,0,1,0,0,0,0,0,0,0,0,0,0,2,0,3,0,0,1,0,0,0,2,0,4,0,0,0,0,0,0,0,0,0,0,0,0,0,0,0,0,13,2,0,0,0,1,0,0,"0","PE32 executable (GUI) Intel 80386, for MS Windows",3362,"69781c173afa7d3737cd544f7b9a97f6"
"12299",0,15,2,0,729,0,0,11,4,2,0,0,0,45,0,0,64,0,0,12,0,2,0,0,41,0,0,0,0,4,0,0,3,0,0,15,2,0,68,0,0,28,0,0,0,0,0,0,0,971,0,0,0,6,0,12,0,0,0,0,0,0,0,0,0,0,24,0,3,1,0,2,1,0,0,1,0,6,0,0,0,0,3,42,0,0,11,0,0,0,0,0,0,1,0,0,0,0,0,0,0,0,0,0,2,0,2,0,0,1,0,0,0,2,0,4,0,0,0,0,0,0,0,0,0,0,0,0,0,0,0,0,13,2,0,0,0,1,0,0,"Win32:Malware-gen","PE32 executable (GUI) Intel 80386, for MS Windows",2158,"6ac7888f82355331fb27c15ba3538402"
"12320",0,1,2,0,715,0,0,4,0,2,0,0,0,40,0,0,63,0,0,8,0,0,0,0,40,0,0,0,0,4,0,0,3,0,0,13,0,0,66,0,0,16,0,0,0,0,0,0,0,2289,0,0,0,6,0,2,0,0,0,0,0,0,0,0,0,0,16,0,3,1,0,2,1,0,0,1,0,2,0,0,0,0,3,41,0,0,11,0,0,0,0,0,0,1,0,0,0,0,0,0,0,0,0,0,2,0,2,0,0,1,0,0,0,2,0,4,0,0,0,0,0,0,0,0,0,0,0,0,0,0,0,0,13,2,0,0,0,1,0,0,"","PE32 executable (GUI) Intel 80386, for MS Windows",3383,"6b1642e6b7e8b3753cf08abee0fe3d2f"
"12398",0,11,2,0,721,0,0,4,0,2,0,0,0,45,0,0,63,0,0,25,0,0,0,0,40,0,0,0,0,4,0,0,3,0,0,13,0,0,68,0,0,27,0,0,0,0,0,0,0,1207,0,0,0,6,0,6,0,0,0,0,0,0,0,0,0,0,16,0,3,1,0,2,1,0,0,1,0,2,0,0,0,0,3,40,0,0,11,0,0,354,0,0,0,1,0,0,0,0,0,0,0,0,0,0,2,0,3,0,0,1,0,0,0,2,0,4,0,0,0,0,0,0,0,0,0,0,0,0,0,0,0,0,13,2,0,0,0,1,0,0,"Win32:LoadMoney-AL [Trj]","PE32 executable (GUI) Intel 80386, for MS Windows",2710,"6c3e0c982dc141741cfb0c09002a9cd0"
"12506",0,1,2,0,721,0,0,4,0,2,0,0,0,41,0,0,63,0,0,21,0,0,0,0,40,0,0,0,0,4,0,0,3,0,0,8,0,0,68,0,0,13,0,0,0,0,0,0,0,2289,0,0,0,0,0,2,0,0,0,0,0,0,0,0,0,0,16,0,3,1,0,2,1,0,0,1,0,2,0,0,0,0,3,17,0,0,11,0,0,0,0,0,0,1,0,0,0,0,0,0,0,0,0,0,2,0,3,0,0,1,0,0,0,2,0,4,0,0,0,0,0,0,0,0,0,0,0,0,0,0,0,0,13,2,0,0,0,1,0,0,"Win32:LoadMoney-AG [PUP]","PE32 executable (GUI) Intel 80386, for MS Windows",3368,"6e236315b9bd8ffcf6e6043d9c0d4134"
"12592",0,1,2,0,715,0,0,4,0,2,0,0,0,40,0,0,63,0,0,8,0,0,0,0,40,0,0,0,0,4,0,0,3,0,0,13,0,0,66,0,0,16,0,0,0,0,0,0,0,2289,0,0,0,6,0,2,0,0,0,0,0,0,0,0,0,0,16,0,3,1,0,2,1,0,0,1,0,2,0,0,0,0,3,42,0,0,11,0,0,0,0,0,0,1,0,0,0,0,0,0,0,0,0,0,2,0,2,0,0,1,0,0,0,2,0,4,0,0,0,0,0,0,0,0,0,0,0,0,0,0,0,0,13,2,0,0,0,1,0,0,"Win32:LoadMoney-AG [PUP]","PE32 executable (GUI) Intel 80386, for MS Windows",3384,"6fc303c8dc32ddbc71684212b8643ae1"
"12883",0,11,2,0,721,0,0,4,0,2,0,0,0,45,0,0,63,0,0,25,0,0,0,0,40,0,0,0,0,4,0,0,3,0,0,8,0,0,68,0,0,23,0,0,0,0,0,0,0,1207,0,0,0,0,0,6,0,0,0,0,0,0,0,0,0,0,16,0,3,1,0,2,1,0,0,1,0,2,0,0,0,0,3,14,0,0,11,0,0,354,0,0,0,1,0,0,0,0,0,0,0,0,0,0,2,0,3,0,0,1,0,0,0,2,0,4,0,0,0,0,0,0,0,0,0,0,0,0,0,0,0,0,13,2,0,0,0,1,0,0,"Win32:LoadMoney-AL [Trj]","PE32 executable (GUI) Intel 80386, for MS Windows",2669,"7673280f5be9858d0874565876cfc98c"
"12900",0,55,2,0,744,0,0,4,0,2,0,0,0,46,0,0,65,0,0,12,0,0,0,0,43,0,0,0,0,4,0,0,3,0,0,13,0,0,69,0,0,26,0,0,0,0,0,0,0,1206,0,0,0,6,0,6,0,0,0,0,0,0,0,0,0,0,19,0,3,1,0,2,1,0,0,1,0,2,0,0,0,0,3,40,0,0,11,0,0,354,0,0,0,1,0,0,0,0,0,0,0,0,0,0,2,0,2,0,0,1,0,0,0,2,0,4,0,0,0,0,0,0,0,0,0,0,0,0,0,0,0,0,13,2,0,0,0,3,0,0,"Win32:Malware-gen","PE32 executable (GUI) Intel 80386, for MS Windows",2773,"76c277dcc067191f3569a38dc63e0463"
"12949",0,1,2,0,721,0,0,4,0,2,0,0,0,41,0,0,63,0,0,15,0,0,0,0,40,0,0,0,0,4,0,0,3,0,0,13,0,0,68,0,0,17,0,0,0,0,0,0,0,2289,0,0,0,6,0,2,0,0,0,0,0,0,0,0,0,0,16,0,3,1,0,2,1,0,0,1,0,2,0,0,0,0,3,41,0,0,11,0,0,0,0,0,0,1,0,0,0,0,0,0,0,0,0,0,2,0,3,0,0,1,0,0,0,2,0,4,0,0,0,0,0,0,0,0,0,0,0,0,0,0,0,0,13,2,0,0,0,1,0,0,"Win32:LoadMoney-AG [PUP]","PE32 executable (GUI) Intel 80386, for MS Windows",3401,"7819b4f68eaf54ad449e0291da8e7a9e"
"13076",0,1,2,0,721,0,0,4,0,2,0,0,0,41,0,0,63,0,0,21,0,0,0,0,40,0,0,0,0,4,0,0,3,0,0,13,0,0,68,0,0,17,0,0,0,0,0,0,0,2289,0,0,0,6,0,2,0,0,0,0,0,0,0,0,0,0,16,0,3,1,0,2,1,0,0,1,0,2,0,0,0,0,3,42,0,0,11,0,0,0,0,0,0,1,0,0,0,0,0,0,0,0,0,0,2,0,3,0,0,1,0,0,0,2,0,4,0,0,0,0,0,0,0,0,0,0,0,0,0,0,0,0,13,2,0,0,0,1,0,0,"Win32:LoadMoney-AG [PUP]","PE32 executable (GUI) Intel 80386, for MS Windows",3408,"7ae7d141bcd619021e067038c315db51"
"13099",0,1,2,0,715,0,0,4,0,2,0,0,0,40,0,0,63,0,0,8,0,0,0,0,40,0,0,0,0,4,0,0,3,0,0,13,0,0,66,0,0,16,0,0,0,0,0,0,0,2289,0,0,0,6,0,2,0,0,0,0,0,0,0,0,0,0,16,0,3,1,0,2,1,0,0,1,0,2,0,0,0,0,3,42,0,0,11,0,0,0,0,0,0,1,0,0,0,0,0,0,0,0,0,0,2,0,2,0,0,1,0,0,0,2,0,4,0,0,0,0,0,0,0,0,0,0,0,0,0,0,0,0,13,2,0,0,0,1,0,0,"Win32:LoadMoney-AG [PUP]","PE32 executable (GUI) Intel 80386, for MS Windows",3384,"7b601010f297f65b9b8d6292b95684ee"
"13170",0,15,2,0,729,0,0,11,4,2,0,0,0,45,0,0,64,0,0,12,0,2,0,0,41,0,0,0,0,4,0,0,3,0,0,15,2,0,68,0,0,28,0,0,0,0,0,0,0,971,0,0,0,6,0,12,0,0,0,0,0,0,0,0,0,0,24,0,3,1,0,2,1,0,0,1,0,6,0,0,0,0,3,41,0,0,11,0,0,0,0,0,0,1,0,0,0,0,0,0,0,0,0,0,2,0,2,0,0,1,0,0,0,2,0,4,0,0,0,0,0,0,0,0,0,0,0,0,0,0,0,0,13,2,0,0,0,1,0,0,"Win32:Malware-gen","PE32 executable (GUI) Intel 80386, for MS Windows",2157,"7c48c0c7536038226f626206180eb0b8"
"13221",0,1,2,0,721,0,0,4,0,2,0,0,0,41,0,0,63,0,0,15,0,0,0,0,40,0,0,0,0,4,0,0,3,0,0,13,0,0,68,0,0,17,0,0,0,0,0,0,0,2289,0,0,0,6,0,2,0,0,0,0,0,0,0,0,0,0,16,0,3,1,0,2,1,0,0,1,0,2,0,0,0,0,3,42,0,0,11,0,0,0,0,0,0,1,0,0,0,0,0,0,0,0,0,0,2,0,3,0,0,1,0,0,0,2,0,4,0,0,0,0,0,0,0,0,0,0,0,0,0,0,0,0,13,2,0,0,0,1,0,0,"Win32:LoadMoney-AG [PUP]","PE32 executable (GUI) Intel 80386, for MS Windows",3402,"7d060f3f5f9ec4ce8800a33595d5a941"
"13489",0,1,2,0,721,0,0,4,0,2,0,0,0,41,0,0,63,0,0,15,0,0,0,0,40,0,0,0,0,4,0,0,3,0,0,13,0,0,68,0,0,17,0,0,0,0,0,0,0,673,0,0,0,6,0,2,0,0,0,0,0,0,0,0,0,0,16,0,3,1,0,2,1,0,0,1,0,2,0,0,0,0,3,41,0,0,11,0,0,0,0,0,0,1,0,0,0,0,0,0,0,0,0,0,2,0,3,0,0,1,0,0,0,2,0,4,0,0,0,0,0,0,0,0,0,0,0,0,0,0,0,0,13,2,0,0,0,1,0,0,"","PE32 executable (GUI) Intel 80386, for MS Windows",1785,"82907cf4af89674a59f7360ceb9529c7"
"13543",0,285,2,0,729,0,0,11,4,2,0,0,0,41,0,0,64,0,0,8,0,2,0,0,41,0,0,0,0,4,0,0,3,0,0,15,0,0,68,0,0,18,0,0,0,0,0,0,0,1359,0,0,0,6,0,10,0,0,0,0,0,0,0,0,0,0,24,0,3,1,0,2,1,0,0,1,0,6,0,0,0,0,3,42,0,0,11,0,0,0,0,0,0,1,0,0,0,0,0,0,0,0,0,0,2,0,2,0,0,1,0,0,0,2,0,4,0,0,0,0,0,0,0,0,0,0,0,0,0,0,0,0,13,2,0,0,0,1,0,0,"","PE32 executable (GUI) Intel 80386, for MS Windows",2794,"83b2288acec85c9c25bbe3ab7c2c3dcf"
"13564",0,1,2,0,715,0,0,4,0,2,0,0,0,40,0,0,63,0,0,8,0,0,0,0,40,0,0,0,0,4,0,0,3,0,0,13,0,0,66,0,0,16,0,0,0,0,0,0,0,2289,0,0,0,6,0,2,0,0,0,0,0,0,0,0,0,0,16,0,3,1,0,2,1,0,0,1,0,2,0,0,0,0,3,42,0,0,11,0,0,0,0,0,0,1,0,0,0,0,0,0,0,0,0,0,2,0,2,0,0,1,0,0,0,2,0,4,0,0,0,0,0,0,0,0,0,0,0,0,0,0,0,0,13,2,0,0,0,1,0,0,"Win32:LoadMoney-AG [PUP]","PE32 executable (GUI) Intel 80386, for MS Windows",3384,"844a44f2442002f9e7fb8a1eda91ad1e"
"13603",0,1,2,0,715,0,0,4,0,2,0,0,0,40,0,0,63,0,0,8,0,0,0,0,40,0,0,0,0,4,0,0,3,0,0,13,0,0,66,0,0,16,0,0,0,0,0,0,0,667,0,0,0,6,0,2,0,0,0,0,0,0,0,0,0,0,16,0,3,1,0,2,1,0,0,1,0,2,0,0,0,0,3,41,0,0,11,0,0,0,0,0,0,1,0,0,0,0,0,0,0,0,0,0,2,0,2,0,0,1,0,0,0,2,0,4,0,0,0,0,0,0,0,0,0,0,0,0,0,0,0,0,13,2,0,0,0,1,0,0,"","PE32 executable (GUI) Intel 80386, for MS Windows",1761,"853ec59eedf13d7df189c61ee2a0c3fe"
"13628",0,1,2,0,721,0,0,4,0,2,0,0,0,41,0,0,63,0,0,21,0,0,0,0,40,0,0,0,0,4,0,0,3,0,0,13,0,0,68,0,0,17,0,0,0,0,0,0,0,667,0,0,0,6,0,2,0,0,0,0,0,0,0,0,0,0,16,0,3,1,0,2,1,0,0,1,0,2,0,0,0,0,3,42,0,0,11,0,0,0,0,0,0,1,0,0,0,0,0,0,0,0,0,0,2,0,3,0,0,1,0,0,0,2,0,4,0,0,0,0,0,0,0,0,0,0,0,0,0,0,0,0,13,2,0,0,0,1,0,0,"","PE32 executable (GUI) Intel 80386, for MS Windows",1786,"85c316f9bebc50170fad57e75ded03d5"
"13633",0,1,2,0,721,0,0,4,0,2,0,0,0,41,0,0,63,0,0,21,0,0,0,0,40,0,0,0,0,4,0,0,3,0,0,13,0,0,68,0,0,17,0,0,0,0,0,0,0,667,0,0,0,6,0,2,0,0,0,0,0,0,0,0,0,0,16,0,3,1,0,2,1,0,0,1,0,2,0,0,0,0,3,42,0,0,11,0,0,0,0,0,0,1,0,0,0,0,0,0,0,0,0,0,2,0,3,0,0,1,0,0,0,2,0,4,0,0,0,0,0,0,0,0,0,0,0,0,0,0,0,0,13,2,0,0,0,1,0,0,"","PE32 executable (GUI) Intel 80386, for MS Windows",1786,"85cdefd6a1ee6b059afde6ce671e85f4"
"13835",0,1,2,0,739,0,0,4,0,20,0,0,0,41,0,0,63,0,0,21,0,0,0,0,40,0,0,0,0,6,0,0,189,0,0,14,0,0,70,0,0,17,0,0,0,0,0,0,0,2289,0,0,0,6,0,2,0,0,0,0,0,0,0,0,0,0,16,0,5,2,0,2,1,0,0,2,0,2,0,0,0,0,3,43,0,0,11,0,0,0,0,0,0,1,0,0,0,0,0,0,0,0,0,0,10,0,3,0,0,1,0,0,0,2,0,4,0,0,0,0,0,0,0,0,0,0,0,0,0,0,0,0,13,10,0,0,0,1,0,0,"0","PE32 executable (GUI) Intel 80386, for MS Windows",3656,"8a9cc3f61f95cd4227233dacf52eb00a"
"13941",0,15,2,0,729,0,0,11,4,2,0,0,0,45,0,0,64,0,0,12,0,2,0,0,41,0,0,0,0,4,0,0,3,0,0,15,2,0,68,0,0,28,0,0,0,0,0,0,0,971,0,0,0,6,0,12,0,0,0,0,0,0,0,0,0,0,24,0,3,1,0,2,1,0,0,1,0,6,0,0,0,0,3,42,0,0,11,0,0,0,0,0,0,1,0,0,0,0,0,0,0,0,0,0,2,0,2,0,0,1,0,0,0,2,0,4,0,0,0,0,0,0,0,0,0,0,0,0,0,0,0,0,13,2,0,0,0,1,0,0,"Win32:Malware-gen","PE32 executable (GUI) Intel 80386, for MS Windows",2158,"8c3eaa21272f07a7f15832b4487e5291"
"13960",0,15,2,0,735,0,0,11,4,2,0,0,0,46,0,0,64,0,0,25,0,2,0,0,41,0,0,0,0,4,0,0,3,0,0,15,2,0,70,0,0,29,0,0,0,0,0,0,0,971,0,0,0,6,0,12,0,0,0,0,0,0,0,0,0,0,24,0,3,1,0,2,1,0,0,1,0,6,0,0,0,0,3,42,0,0,11,0,0,0,0,0,0,1,0,0,0,0,0,0,0,0,0,0,2,0,3,0,0,1,0,0,0,2,0,4,0,0,0,0,0,0,0,0,0,0,0,0,0,0,0,0,13,2,0,0,0,1,0,0,"Win32:Malware-gen","PE32 executable (GUI) Intel 80386, for MS Windows",2182,"8c847566be1f83f55abe608e7c3b6bcb"
"14094",0,1,2,0,721,0,0,4,0,2,0,0,0,41,0,0,63,0,0,21,0,0,0,0,40,0,0,0,0,4,0,0,3,0,0,8,0,0,68,0,0,13,0,0,0,0,0,0,0,2289,0,0,0,0,0,2,0,0,0,0,0,0,0,0,0,0,16,0,3,1,0,2,1,0,0,1,0,2,0,0,0,0,3,17,0,0,11,0,0,0,0,0,0,1,0,0,0,0,0,0,0,0,0,0,2,0,3,0,0,1,0,0,0,2,0,4,0,0,0,0,0,0,0,0,0,0,0,0,0,0,0,0,13,2,0,0,0,1,0,0,"Win32:LoadMoney-AG [PUP]","PE32 executable (GUI) Intel 80386, for MS Windows",3368,"8ebdde96098fa5f8d9ee972810d5e0b5"
"14136",0,11,2,0,721,0,0,4,0,2,0,0,0,45,0,0,63,0,0,25,0,0,0,0,40,0,0,0,0,4,0,0,3,0,0,8,0,0,68,0,0,23,0,0,0,0,0,0,0,1207,0,0,0,0,0,6,0,0,0,0,0,0,0,0,0,0,16,0,3,1,0,2,1,0,0,1,0,2,0,0,0,0,3,14,0,0,11,0,0,354,0,0,0,1,0,0,0,0,0,0,0,0,0,0,2,0,3,0,0,1,0,0,0,2,0,4,0,0,0,0,0,0,0,0,0,0,0,0,0,0,0,0,13,2,0,0,0,1,0,0,"Win32:Malware-gen","PE32 executable (GUI) Intel 80386, for MS Windows",2669,"8f7f6f4c976ca9aad17e5ff046ff847b"
"14187",0,1,2,0,721,0,0,4,0,2,0,0,0,41,0,0,63,0,0,21,0,0,0,0,40,0,0,0,0,4,0,0,3,0,0,13,0,0,68,0,0,17,0,0,0,0,0,0,0,2289,0,0,0,6,0,2,0,0,0,0,0,0,0,0,0,0,16,0,3,1,0,2,1,0,0,1,0,2,0,0,0,0,3,41,0,0,11,0,0,0,0,0,0,1,0,0,0,0,0,0,0,0,0,0,2,0,3,0,0,1,0,0,0,2,0,4,0,0,0,0,0,0,0,0,0,0,0,0,0,0,0,0,13,2,0,0,0,1,0,0,"Win32:LoadMoney-AG [PUP]","PE32 executable (GUI) Intel 80386, for MS Windows",3407,"9049ae8fd9f1d5008ec97139a8def8ba"
"14270",0,11,2,0,715,0,0,4,0,2,0,0,0,44,0,0,63,0,0,12,0,0,0,0,40,0,0,0,0,4,0,0,3,0,0,13,0,0,66,0,0,26,0,0,0,0,0,0,0,1207,0,0,0,6,0,6,0,0,0,0,0,0,0,0,0,0,16,0,3,1,0,2,1,0,0,1,0,2,0,0,0,0,3,40,0,0,11,0,0,354,0,0,0,1,0,0,0,0,0,0,0,0,0,0,2,0,2,0,0,1,0,0,0,2,0,4,0,0,0,0,0,0,0,0,0,0,0,0,0,0,0,0,13,2,0,0,0,1,0,0,"Win32:Malware-gen","PE32 executable (GUI) Intel 80386, for MS Windows",2686,"92584b65d474d8e3e3d9d8b673594437"
"14285",0,285,2,0,729,0,0,11,4,2,0,0,0,41,0,0,64,0,0,8,0,2,0,0,41,0,0,0,0,4,0,0,3,0,0,15,0,0,68,0,0,18,0,0,0,0,0,0,0,1359,0,0,0,6,0,10,0,0,0,0,0,0,0,0,0,0,24,0,3,1,0,2,1,0,0,1,0,6,0,0,0,0,3,41,0,0,11,0,0,0,0,0,0,1,0,0,0,0,0,0,0,0,0,0,2,0,2,0,0,1,0,0,0,2,0,4,0,0,0,0,0,0,0,0,0,0,0,0,0,0,0,0,13,2,0,0,0,1,0,0,"0","PE32 executable (GUI) Intel 80386, for MS Windows",2793,"92e8aba24ed512ec46247f3cda449675"
"14428",0,15,2,0,729,0,0,11,4,2,0,0,0,45,0,0,64,0,0,12,0,2,0,0,41,0,0,0,0,4,0,0,3,0,0,15,2,0,68,0,0,28,0,0,0,0,0,0,0,971,0,0,0,6,0,12,0,0,0,0,0,0,0,0,0,0,24,0,3,1,0,2,1,0,0,1,0,6,0,0,0,0,3,42,0,0,11,0,0,0,0,0,0,1,0,0,0,0,0,0,0,0,0,0,2,0,2,0,0,1,0,0,0,2,0,4,0,0,0,0,0,0,0,0,0,0,0,0,0,0,0,0,13,2,0,0,0,1,0,0,"Win32:Malware-gen","PE32 executable (GUI) Intel 80386, for MS Windows",2158,"972f509d49477beffb62dcbb6f3fc96d"
"14448",0,1,2,0,721,0,0,4,0,2,0,0,0,41,0,0,63,0,0,21,0,0,0,0,40,0,0,0,0,4,0,0,3,0,0,13,0,0,68,0,0,17,0,0,0,0,0,0,0,2289,0,0,0,6,0,2,0,0,0,0,0,0,0,0,0,0,16,0,3,1,0,2,1,0,0,1,0,2,0,0,0,0,3,41,0,0,11,0,0,0,0,0,0,1,0,0,0,0,0,0,0,0,0,0,2,0,3,0,0,1,0,0,0,2,0,4,0,0,0,0,0,0,0,0,0,0,0,0,0,0,0,0,13,2,0,0,0,1,0,0,"Win32:LoadMoney-AG [PUP]","PE32 executable (GUI) Intel 80386, for MS Windows",3407,"97c5253251d2a7ce5364f9a6d2518e18"
"14914",0,1,2,0,721,0,0,4,0,2,0,0,0,41,0,0,63,0,0,21,0,0,0,0,40,0,0,0,0,4,0,0,3,0,0,8,0,0,68,0,0,13,0,0,0,0,0,0,0,2289,0,0,0,0,0,2,0,0,0,0,0,0,0,0,0,0,16,0,3,1,0,2,1,0,0,1,0,2,0,0,0,0,3,16,0,0,11,0,0,0,0,0,0,1,0,0,0,0,0,0,0,0,0,0,2,0,3,0,0,1,0,0,0,2,0,4,0,0,0,0,0,0,0,0,0,0,0,0,0,0,0,0,13,2,0,0,0,1,0,0,"Win32:LoadMoney-AG [PUP]","PE32 executable (GUI) Intel 80386, for MS Windows",3367,"a02de5cd9a08e9111f12aa0ad6f0a172"
"14967",0,11,2,0,721,0,0,4,0,2,0,0,0,44,0,0,63,0,0,12,0,0,0,0,40,0,0,0,0,4,0,0,3,0,0,8,0,0,68,0,0,22,0,0,0,0,0,0,0,1207,0,0,0,0,0,6,0,0,0,0,0,0,0,0,0,0,16,0,3,1,0,2,1,0,0,1,0,2,0,0,0,0,3,14,0,0,11,0,0,354,0,0,0,1,0,0,0,0,0,0,0,0,0,0,2,0,2,0,0,1,0,0,0,2,0,4,0,0,0,0,0,0,0,0,0,0,0,0,0,0,0,0,13,2,0,0,0,1,0,0,"Win32:LoadMoney-AL [Trj]","PE32 executable (GUI) Intel 80386, for MS Windows",2653,"a24f2f13f2f2faac90579865919ac17e"
"14973",0,0,0,0,0,0,0,0,0,0,0,0,0,1,0,0,1,0,0,0,0,0,0,0,1,0,0,0,0,0,0,0,0,0,0,0,0,0,3,0,0,0,0,0,0,0,0,0,0,5829,0,0,0,0,0,0,0,0,0,0,0,0,0,0,0,0,0,0,0,0,0,0,0,0,0,0,0,0,0,0,0,0,0,0,0,0,1,0,0,0,0,5822,0,0,0,0,0,0,0,0,0,0,0,0,0,0,0,0,0,0,0,0,0,0,0,0,0,0,0,0,0,0,0,0,0,0,0,0,0,0,0,0,0,0,0,0,0,0,0,0,"0","PE32 executable (GUI) Intel 80386, for MS Windows",11658,"a27ffbab433d30570524f5c34ac2a5d1"
"14984",0,1,2,0,721,0,0,4,0,2,0,0,0,41,0,0,63,0,0,21,0,0,0,0,40,0,0,0,0,4,0,0,3,0,0,8,0,0,68,0,0,13,0,0,0,0,0,0,0,2289,0,0,0,0,0,2,0,0,0,0,0,0,0,0,0,0,16,0,3,1,0,2,1,0,0,1,0,2,0,0,0,0,3,17,0,0,11,0,0,0,0,0,0,1,0,0,0,0,0,0,0,0,0,0,2,0,3,0,0,1,0,0,0,2,0,4,0,0,0,0,0,0,0,0,0,0,0,0,0,0,0,0,13,2,0,0,0,1,0,0,"Win32:LoadMoney-AG [PUP]","PE32 executable (GUI) Intel 80386, for MS Windows",3368,"a2c3ed586570ea80c3810a2dbf972bcc"
"15015",0,11,2,0,721,0,0,4,0,2,0,0,0,45,0,0,63,0,0,25,0,0,0,0,40,0,0,0,0,4,0,0,3,0,0,13,0,0,68,0,0,27,0,0,0,0,0,0,0,1207,0,0,0,6,0,6,0,0,0,0,0,0,0,0,0,0,16,0,3,1,0,2,1,0,0,1,0,2,0,0,0,0,3,40,0,0,11,0,0,354,0,0,0,1,0,0,0,0,0,0,0,0,0,0,2,0,3,0,0,1,0,0,0,2,0,4,0,0,0,0,0,0,0,0,0,0,0,0,0,0,0,0,13,2,0,0,0,1,0,0,"0","PE32 executable (GUI) Intel 80386, for MS Windows",2710,"a3f34694b0eb3d0f893773ee50fc0b0b"
"15041",0,1,2,0,721,0,0,4,0,2,0,0,0,41,0,0,63,0,0,21,0,0,0,0,40,0,0,0,0,4,0,0,3,0,0,13,0,0,68,0,0,17,0,0,0,0,0,0,0,2289,0,0,0,6,0,2,0,0,0,0,0,0,0,0,0,0,16,0,3,1,0,2,1,0,0,1,0,2,0,0,0,0,3,42,0,0,11,0,0,0,0,0,0,1,0,0,0,0,0,0,0,0,0,0,2,0,3,0,0,1,0,0,0,2,0,4,0,0,0,0,0,0,0,0,0,0,0,0,0,0,0,0,13,2,0,0,0,1,0,0,"Win32:LoadMoney-AG [PUP]","PE32 executable (GUI) Intel 80386, for MS Windows",3408,"a4dd29e1c6804a63342d0a831e00c220"
"15050",0,1,2,0,715,0,0,4,0,2,0,0,0,40,0,0,63,0,0,8,0,0,0,0,40,0,0,0,0,4,0,0,3,0,0,13,0,0,66,0,0,16,0,0,0,0,0,0,0,2289,0,0,0,6,0,2,0,0,0,0,0,0,0,0,0,0,16,0,3,1,0,2,1,0,0,1,0,2,0,0,0,0,3,41,0,0,11,0,0,0,0,0,0,1,0,0,0,0,0,0,0,0,0,0,2,0,2,0,0,1,0,0,0,2,0,4,0,0,0,0,0,0,0,0,0,0,0,0,0,0,0,0,13,2,0,0,0,1,0,0,"Win32:LoadMoney-AG [PUP]","PE32 executable (GUI) Intel 80386, for MS Windows",3383,"a545525d6de322a0f1199e39b2f64fe3"
"15060",0,1,2,0,721,0,0,4,0,2,0,0,0,41,0,0,63,0,0,21,0,0,0,0,40,0,0,0,0,4,0,0,3,0,0,13,0,0,68,0,0,17,0,0,0,0,0,0,0,2289,0,0,0,6,0,2,0,0,0,0,0,0,0,0,0,0,16,0,3,1,0,2,1,0,0,1,0,2,0,0,0,0,3,41,0,0,11,0,0,0,0,0,0,1,0,0,0,0,0,0,0,0,0,0,2,0,3,0,0,1,0,0,0,2,0,4,0,0,0,0,0,0,0,0,0,0,0,0,0,0,0,0,13,2,0,0,0,1,0,0,"Win32:LoadMoney-AG [PUP]","PE32 executable (GUI) Intel 80386, for MS Windows",3407,"a5c161bedb11663320b9dc714e698ce8"
"15119",0,9,0,0,1010,0,0,72,0,0,0,0,0,192,0,0,8,0,0,2,0,2,0,0,6,0,0,3,0,1,0,0,68,0,0,68,0,0,55,0,0,8,4,0,0,0,0,0,0,1474,0,0,0,0,0,7,0,0,4,0,0,151,0,1,0,0,27,0,241,0,0,0,0,0,72,0,0,7,0,0,1,0,3,176,0,0,6,0,0,0,0,0,180,0,0,0,0,0,0,0,0,2,0,7,0,0,208,0,0,1,0,0,0,1,0,0,0,0,0,2,0,0,0,0,0,0,0,0,0,0,0,0,0,0,0,0,0,0,0,33,"Win32:VB-ITN","PE32 executable (GUI) Intel 80386, for MS Windows",4079,"a7cbaa9d704ebaa3bd380f8fd5d2dec7"
"15214",0,1,2,0,715,0,0,4,0,2,0,0,0,40,0,0,63,0,0,8,0,0,0,0,40,0,0,0,0,4,0,0,3,0,0,13,0,0,66,0,0,16,0,0,0,0,0,0,0,2289,0,0,0,6,0,2,0,0,0,0,0,0,0,0,0,0,16,0,3,1,0,2,1,0,0,1,0,2,0,0,0,0,3,42,0,0,11,0,0,0,0,0,0,1,0,0,0,0,0,0,0,0,0,0,2,0,2,0,0,1,0,0,0,2,0,4,0,0,0,0,0,0,0,0,0,0,0,0,0,0,0,0,13,2,0,0,0,1,0,0,"Win32:LoadMoney-AG [PUP]","PE32 executable (GUI) Intel 80386, for MS Windows",3384,"ab6f3115e316cfbafc23e5bbcf99636f"
"15336",0,15,2,0,735,0,0,11,4,2,0,0,0,45,0,0,64,0,0,6,0,2,0,0,41,0,0,0,0,4,0,0,3,0,0,15,2,0,69,0,0,28,0,0,0,0,0,0,0,971,0,0,0,6,0,12,0,0,0,0,0,0,0,0,0,0,24,0,3,1,0,2,1,0,0,1,0,6,0,0,0,0,3,42,0,0,11,0,0,0,0,0,0,1,0,0,0,0,0,0,0,0,0,0,2,0,2,0,0,1,0,0,0,2,0,4,0,0,0,0,0,0,0,0,0,0,0,0,0,0,0,0,13,2,0,0,0,1,0,0,"Win32:Malware-gen","PE32 executable (GUI) Intel 80386, for MS Windows",2159,"b006395bd371fd1fc719224acb6673c3"
"15345",0,1,2,0,715,0,0,4,0,2,0,0,0,40,0,0,63,0,0,8,0,0,0,0,40,0,0,0,0,4,0,0,3,0,0,13,0,0,66,0,0,16,0,0,0,0,0,0,0,667,0,0,0,6,0,2,0,0,0,0,0,0,0,0,0,0,16,0,3,1,0,2,1,0,0,1,0,2,0,0,0,0,3,41,0,0,11,0,0,0,0,0,0,1,0,0,0,0,0,0,0,0,0,0,2,0,2,0,0,1,0,0,0,2,0,4,0,0,0,0,0,0,0,0,0,0,0,0,0,0,0,0,13,2,0,0,0,1,0,0,"0","PE32 executable (GUI) Intel 80386, for MS Windows",1761,"b02d24e65c78aa724f0729a9605e1ec5"
"15406",0,11,2,0,715,0,0,4,0,2,0,0,0,44,0,0,63,0,0,12,0,0,0,0,40,0,0,0,0,4,0,0,3,0,0,13,0,0,66,0,0,26,0,0,0,0,0,0,0,1207,0,0,0,6,0,6,0,0,0,0,0,0,0,0,0,0,16,0,3,1,0,2,1,0,0,1,0,2,0,0,0,0,3,40,0,0,11,0,0,354,0,0,0,1,0,0,0,0,0,0,0,0,0,0,2,0,2,0,0,1,0,0,0,2,0,4,0,0,0,0,0,0,0,0,0,0,0,0,0,0,0,0,13,2,0,0,0,1,0,0,"0","PE32 executable (GUI) Intel 80386, for MS Windows",2686,"b26e2d2dbfd22714f43988b3b7d2298a"
"15420",0,11,2,0,721,0,0,4,0,2,0,0,0,45,0,0,63,0,0,25,0,0,0,0,40,0,0,0,0,4,0,0,3,0,0,13,0,0,68,0,0,27,0,0,0,0,0,0,0,1207,0,0,0,6,0,6,0,0,0,0,0,0,0,0,0,0,16,0,3,1,0,2,1,0,0,1,0,2,0,0,0,0,3,40,0,0,11,0,0,354,0,0,0,1,0,0,0,0,0,0,0,0,0,0,2,0,3,0,0,1,0,0,0,2,0,4,0,0,0,0,0,0,0,0,0,0,0,0,0,0,0,0,13,2,0,0,0,1,0,0,"Win32:Malware-gen","PE32 executable (GUI) Intel 80386, for MS Windows",2710,"b2e5a0fbb600c4b4f3f09e9f39928c10"
"15441",0,11,2,0,721,0,0,4,0,2,0,0,0,45,0,0,63,0,0,19,0,0,0,0,40,0,0,0,0,4,0,0,3,0,0,13,0,0,68,0,0,27,0,0,0,0,0,0,0,1207,0,0,0,6,0,6,0,0,0,0,0,0,0,0,0,0,16,0,3,1,0,2,1,0,0,1,0,2,0,0,0,0,3,40,0,0,11,0,0,354,0,0,0,1,0,0,0,0,0,0,0,0,0,0,2,0,3,0,0,1,0,0,0,2,0,4,0,0,0,0,0,0,0,0,0,0,0,0,0,0,0,0,13,2,0,0,0,1,0,0,"Win32:LoadMoney-AL [Trj]","PE32 executable (GUI) Intel 80386, for MS Windows",2704,"b3c3aaecb72c74279032e33d39a9007e"
"15487",0,15,2,0,735,0,0,11,4,2,0,0,0,46,0,0,64,0,0,25,0,2,0,0,41,0,0,0,0,4,0,0,3,0,0,15,2,0,70,0,0,29,0,0,0,0,0,0,0,971,0,0,0,6,0,12,0,0,0,0,0,0,0,0,0,0,24,0,3,1,0,2,1,0,0,1,0,6,0,0,0,0,3,42,0,0,11,0,0,0,0,0,0,1,0,0,0,0,0,0,0,0,0,0,2,0,3,0,0,1,0,0,0,2,0,4,0,0,0,0,0,0,0,0,0,0,0,0,0,0,0,0,13,2,0,0,0,1,0,0,"0","PE32 executable (GUI) Intel 80386, for MS Windows",2182,"b568cb1e98fb59a6ae864e24b04d4dbf"
"15506",0,1,2,0,721,0,0,4,0,2,0,0,0,41,0,0,63,0,0,21,0,0,0,0,40,0,0,0,0,4,0,0,3,0,0,13,0,0,68,0,0,17,0,0,0,0,0,0,0,2289,0,0,0,6,0,2,0,0,0,0,0,0,0,0,0,0,16,0,3,1,0,2,1,0,0,1,0,2,0,0,0,0,3,42,0,0,11,0,0,0,0,0,0,1,0,0,0,0,0,0,0,0,0,0,2,0,3,0,0,1,0,0,0,2,0,4,0,0,0,0,0,0,0,0,0,0,0,0,0,0,0,0,13,2,0,0,0,1,0,0,"Win32:LoadMoney-AG [PUP]","PE32 executable (GUI) Intel 80386, for MS Windows",3408,"b62387d0f5ccaf09533b961bbe1ae392"
"15556",0,11,2,0,721,0,0,4,0,2,0,0,0,45,0,0,63,0,0,25,0,0,0,0,40,0,0,0,0,4,0,0,3,0,0,13,0,0,68,0,0,27,0,0,0,0,0,0,0,1207,0,0,0,6,0,6,0,0,0,0,0,0,0,0,0,0,16,0,3,1,0,2,1,0,0,1,0,2,0,0,0,0,3,39,0,0,11,0,0,354,0,0,0,1,0,0,0,0,0,0,0,0,0,0,2,0,3,0,0,1,0,0,0,2,0,4,0,0,0,0,0,0,0,0,0,0,0,0,0,0,0,0,13,2,0,0,0,1,0,0,"Win32:LoadMoney-AL [Trj]","PE32 executable (GUI) Intel 80386, for MS Windows",2709,"b826aada1e896bd3a31f5f72c007fac4"
"15583",0,1,2,0,715,0,0,4,0,2,0,0,0,40,0,0,63,0,0,8,0,0,0,0,40,0,0,0,0,4,0,0,3,0,0,13,0,0,66,0,0,16,0,0,0,0,0,0,0,2289,0,0,0,6,0,2,0,0,0,0,0,0,0,0,0,0,16,0,3,1,0,2,1,0,0,1,0,2,0,0,0,0,3,41,0,0,11,0,0,0,0,0,0,1,0,0,0,0,0,0,0,0,0,0,2,0,2,0,0,1,0,0,0,2,0,4,0,0,0,0,0,0,0,0,0,0,0,0,0,0,0,0,13,2,0,0,0,1,0,0,"Win32:LoadMoney-AG [PUP]","PE32 executable (GUI) Intel 80386, for MS Windows",3383,"b9092734ba9d5cf8f79afad2066800b5"
"15620",0,15,2,0,735,0,0,11,4,2,0,0,0,46,0,0,64,0,0,19,0,2,0,0,41,0,0,0,0,4,0,0,3,0,0,15,2,0,70,0,0,29,0,0,0,0,0,0,0,971,0,0,0,6,0,12,0,0,0,0,0,0,0,0,0,0,24,0,3,1,0,2,1,0,0,1,0,6,0,0,0,0,3,42,0,0,11,0,0,0,0,0,0,1,0,0,0,0,0,0,0,0,0,0,2,0,3,0,0,1,0,0,0,2,0,4,0,0,0,0,0,0,0,0,0,0,0,0,0,0,0,0,13,2,0,0,0,1,0,0,"Win32:Malware-gen","PE32 executable (GUI) Intel 80386, for MS Windows",2176,"ba7b7c0ed697e3470f14becc0e7a4b5f"
"15676",0,1,2,0,721,0,0,4,0,2,0,0,0,41,0,0,63,0,0,21,0,0,0,0,40,0,0,0,0,4,0,0,3,0,0,13,0,0,68,0,0,17,0,0,0,0,0,0,0,2289,0,0,0,6,0,2,0,0,0,0,0,0,0,0,0,0,16,0,3,1,0,2,1,0,0,1,0,2,0,0,0,0,3,42,0,0,11,0,0,0,0,0,0,1,0,0,0,0,0,0,0,0,0,0,2,0,3,0,0,1,0,0,0,2,0,4,0,0,0,0,0,0,0,0,0,0,0,0,0,0,0,0,13,2,0,0,0,1,0,0,"","PE32 executable (GUI) Intel 80386, for MS Windows",3408,"bcd0aca5be3fbe13759ee111a8795e9f"
"15695",0,15,2,0,735,0,0,11,4,2,0,0,0,45,0,0,64,0,0,6,0,2,0,0,41,0,0,0,0,4,0,0,3,0,0,15,2,0,69,0,0,28,0,0,0,0,0,0,0,971,0,0,0,6,0,12,0,0,0,0,0,0,0,0,0,0,24,0,3,1,0,2,1,0,0,1,0,6,0,0,0,0,3,41,0,0,11,0,0,0,0,0,0,1,0,0,0,0,0,0,0,0,0,0,2,0,2,0,0,1,0,0,0,2,0,4,0,0,0,0,0,0,0,0,0,0,0,0,0,0,0,0,13,2,0,0,0,1,0,0,"0","PE32 executable (GUI) Intel 80386, for MS Windows",2158,"bd5ea6547fd8d4b72f6865bc3705c0ac"
"15697",0,15,2,0,735,0,0,11,4,2,0,0,0,46,0,0,64,0,0,25,0,2,0,0,41,0,0,0,0,4,0,0,3,0,0,15,2,0,70,0,0,29,0,0,0,0,0,0,0,971,0,0,0,6,0,12,0,0,0,0,0,0,0,0,0,0,24,0,3,1,0,2,1,0,0,1,0,6,0,0,0,0,3,42,0,0,11,0,0,0,0,0,0,1,0,0,0,0,0,0,0,0,0,0,2,0,3,0,0,1,0,0,0,2,0,4,0,0,0,0,0,0,0,0,0,0,0,0,0,0,0,0,13,2,0,0,0,1,0,0,"Win32:Malware-gen","PE32 executable (GUI) Intel 80386, for MS Windows",2182,"bd6402a62c944aa7bb6a239d700414bf"
"15707",0,15,2,0,735,0,0,11,4,2,0,0,0,46,0,0,64,0,0,25,0,2,0,0,41,0,0,0,0,4,0,0,3,0,0,10,2,0,70,0,0,25,0,0,0,0,0,0,0,971,0,0,0,0,0,12,0,0,0,0,0,0,0,0,0,0,24,0,3,1,0,2,1,0,0,1,0,6,0,0,0,0,3,16,0,0,11,0,0,0,0,0,0,1,0,0,0,0,0,0,0,0,0,0,2,0,3,0,0,1,0,0,0,2,0,4,0,0,0,0,0,0,0,0,0,0,0,0,0,0,0,0,13,2,0,0,0,1,0,0,"Win32:Malware-gen","PE32 executable (GUI) Intel 80386, for MS Windows",2141,"bdafe201266962ad7bfcaad12b405b46"
"15775",0,11,3,0,2096,0,0,69,0,0,0,0,0,310,0,0,269,0,0,30,0,0,0,0,277,0,0,1752,2,13,0,0,38,0,0,24,0,0,130,0,0,35,1,0,0,0,0,0,2,3952,0,0,0,6,0,22,0,0,0,0,0,95,0,0,1,1,68,0,8,1,0,2,1,0,1,1,0,5,0,0,1,157,6,269,0,0,6,0,0,0,0,0,0,1,0,86,0,0,6,0,0,4,0,2,2,0,2,0,0,2,0,0,0,2,0,2,6,0,0,4,0,0,0,0,85,0,0,0,0,0,0,0,31,0,0,0,0,12,2,1,"HTML:Malware-gen","PE32 executable (GUI) Intel 80386, for MS Windows, UPX compressed",9914,"c0532cacd270ea41a351e4896b844f5c"
"15804",0,1,2,0,715,0,0,4,0,2,0,0,0,40,0,0,63,0,0,8,0,0,0,0,40,0,0,0,0,4,0,0,3,0,0,13,0,0,66,0,0,16,0,0,0,0,0,0,0,2289,0,0,0,6,0,2,0,0,0,0,0,0,0,0,0,0,16,0,3,1,0,2,1,0,0,1,0,2,0,0,0,0,3,41,0,0,11,0,0,0,0,0,0,1,0,0,0,0,0,0,0,0,0,0,2,0,2,0,0,1,0,0,0,2,0,4,0,0,0,0,0,0,0,0,0,0,0,0,0,0,0,0,13,2,0,0,0,1,0,0,"Win32:LoadMoney-AG [PUP]","PE32 executable (GUI) Intel 80386, for MS Windows",3383,"c1aac5f432fabbae155e5f1bf4cc79b6"
"15827",0,15,2,0,735,0,0,11,4,2,0,0,0,46,0,0,64,0,0,19,0,2,0,0,41,0,0,0,0,4,0,0,3,0,0,15,2,0,70,0,0,29,0,0,0,0,0,0,0,971,0,0,0,6,0,12,0,0,0,0,0,0,0,0,0,0,24,0,3,1,0,2,1,0,0,1,0,6,0,0,0,0,3,41,0,0,11,0,0,0,0,0,0,1,0,0,0,0,0,0,0,0,0,0,2,0,3,0,0,1,0,0,0,2,0,4,0,0,0,0,0,0,0,0,0,0,0,0,0,0,0,0,13,2,0,0,0,1,0,0,"Win32:Malware-gen","PE32 executable (GUI) Intel 80386, for MS Windows",2175,"c24756ecfbca221c49c937accc451f02"
"15895",0,1,2,0,721,0,0,4,0,2,0,0,0,41,0,0,63,0,0,21,0,0,0,0,40,0,0,0,0,4,0,0,3,0,0,13,0,0,68,0,0,17,0,0,0,0,0,0,0,2289,0,0,0,6,0,2,0,0,0,0,0,0,0,0,0,0,16,0,3,1,0,2,1,0,0,1,0,2,0,0,0,0,3,42,0,0,11,0,0,0,0,0,0,1,0,0,0,0,0,0,0,0,0,0,2,0,3,0,0,1,0,0,0,2,0,4,0,0,0,0,0,0,0,0,0,0,0,0,0,0,0,0,13,2,0,0,0,1,0,0,"Win32:LoadMoney-AG [PUP]","PE32 executable (GUI) Intel 80386, for MS Windows",3408,"c4f59db077cd0f516ea528c11afe6766"
"15966",0,11,2,0,721,0,0,4,0,2,0,0,0,45,0,0,63,0,0,25,0,0,0,0,40,0,0,0,0,4,0,0,3,0,0,8,0,0,68,0,0,23,0,0,0,0,0,0,0,1207,0,0,0,0,0,6,0,0,0,0,0,0,0,0,0,0,16,0,3,1,0,2,1,0,0,1,0,2,0,0,0,0,3,14,0,0,11,0,0,354,0,0,0,1,0,0,0,0,0,0,0,0,0,0,2,0,3,0,0,1,0,0,0,2,0,4,0,0,0,0,0,0,0,0,0,0,0,0,0,0,0,0,13,2,0,0,0,1,0,0,"Win32:Malware-gen","PE32 executable (GUI) Intel 80386, for MS Windows",2669,"c7e2b164eb7ca46d756fa44a64a7e784"
"16077",0,1,2,0,715,0,0,4,0,2,0,0,0,40,0,0,63,0,0,8,0,0,0,0,40,0,0,0,0,4,0,0,3,0,0,13,0,0,66,0,0,16,0,0,0,0,0,0,0,2289,0,0,0,6,0,2,0,0,0,0,0,0,0,0,0,0,16,0,3,1,0,2,1,0,0,1,0,2,0,0,0,0,3,42,0,0,11,0,0,0,0,0,0,1,0,0,0,0,0,0,0,0,0,0,2,0,2,0,0,1,0,0,0,2,0,4,0,0,0,0,0,0,0,0,0,0,0,0,0,0,0,0,13,2,0,0,0,1,0,0,"Win32:LoadMoney-AG [PUP]","PE32 executable (GUI) Intel 80386, for MS Windows",3384,"cbb40d1011568f05898b6ac775af1c1e"
"16220",0,1,2,0,715,0,0,4,0,2,0,0,0,40,0,0,63,0,0,8,0,0,0,0,40,0,0,0,0,4,0,0,3,0,0,13,0,0,66,0,0,16,0,0,0,0,0,0,0,2289,0,0,0,6,0,2,0,0,0,0,0,0,0,0,0,0,16,0,3,1,0,2,1,0,0,1,0,2,0,0,0,0,3,41,0,0,11,0,0,0,0,0,0,1,0,0,0,0,0,0,0,0,0,0,2,0,2,0,0,1,0,0,0,2,0,4,0,0,0,0,0,0,0,0,0,0,0,0,0,0,0,0,13,2,0,0,0,1,0,0,"Win32:LoadMoney-AG [PUP]","PE32 executable (GUI) Intel 80386, for MS Windows",3383,"d179a9dc319c8775de6c7da0ca607ec6"
"16230",0,11,2,0,715,0,0,4,0,2,0,0,0,44,0,0,63,0,0,12,0,0,0,0,40,0,0,0,0,4,0,0,3,0,0,13,0,0,66,0,0,26,0,0,0,0,0,0,0,1207,0,0,0,6,0,6,0,0,0,0,0,0,0,0,0,0,16,0,3,1,0,2,1,0,0,1,0,2,0,0,0,0,3,40,0,0,11,0,0,354,0,0,0,1,0,0,0,0,0,0,0,0,0,0,2,0,2,0,0,1,0,0,0,2,0,4,0,0,0,0,0,0,0,0,0,0,0,0,0,0,0,0,13,2,0,0,0,1,0,0,"Win32:Malware-gen","PE32 executable (GUI) Intel 80386, for MS Windows",2686,"d1bfb917004f45427718bb97b3d3cfe3"
"16272",0,11,2,0,721,0,0,4,0,2,0,0,0,45,0,0,63,0,0,25,0,0,0,0,40,0,0,0,0,4,0,0,3,0,0,8,0,0,68,0,0,23,0,0,0,0,0,0,0,1207,0,0,0,0,0,6,0,0,0,0,0,0,0,0,0,0,16,0,3,1,0,2,1,0,0,1,0,2,0,0,0,0,3,15,0,0,11,0,0,354,0,0,0,1,0,0,0,0,0,0,0,0,0,0,2,0,3,0,0,1,0,0,0,2,0,4,0,0,0,0,0,0,0,0,0,0,0,0,0,0,0,0,13,2,0,0,0,1,0,0,"Win32:LoadMoney-AL [Trj]","PE32 executable (GUI) Intel 80386, for MS Windows",2670,"d2f3cffbc9a136aad29e7e7a7f358740"
"16284",0,15,2,0,735,0,0,11,4,2,0,0,0,46,0,0,64,0,0,25,0,2,0,0,41,0,0,0,0,4,0,0,3,0,0,10,2,0,70,0,0,25,0,0,0,0,0,0,0,971,0,0,0,0,0,12,0,0,0,0,0,0,0,0,0,0,24,0,3,1,0,2,1,0,0,1,0,6,0,0,0,0,3,17,0,0,11,0,0,0,0,0,0,1,0,0,0,0,0,0,0,0,0,0,2,0,3,0,0,1,0,0,0,2,0,4,0,0,0,0,0,0,0,0,0,0,0,0,0,0,0,0,13,2,0,0,0,1,0,0,"Win32:Malware-gen","PE32 executable (GUI) Intel 80386, for MS Windows",2142,"d370f8c814a18db95c1df4693c0f6801"
"16335",0,1,2,0,721,0,0,4,0,2,0,0,0,41,0,0,63,0,0,21,0,0,0,0,40,0,0,0,0,4,0,0,3,0,0,13,0,0,68,0,0,17,0,0,0,0,0,0,0,2289,0,0,0,6,0,2,0,0,0,0,0,0,0,0,0,0,16,0,3,1,0,2,1,0,0,1,0,2,0,0,0,0,3,42,0,0,11,0,0,0,0,0,0,1,0,0,0,0,0,0,0,0,0,0,2,0,3,0,0,1,0,0,0,2,0,4,0,0,0,0,0,0,0,0,0,0,0,0,0,0,0,0,13,2,0,0,0,1,0,0,"Win32:LoadMoney-AG [PUP]","PE32 executable (GUI) Intel 80386, for MS Windows",3408,"d4da07c88e481599358119e18c4e3cea"
"16346",0,9,0,0,1010,0,0,72,0,0,0,0,0,192,0,0,8,0,0,2,0,2,0,0,6,0,0,3,0,1,0,0,68,0,0,68,0,0,55,0,0,8,4,0,0,0,0,0,0,1658,0,0,0,0,0,7,0,0,4,0,0,154,0,1,0,0,27,0,241,0,0,0,0,0,72,0,0,7,0,0,1,0,3,176,0,0,6,0,0,0,0,0,180,0,0,0,0,0,0,0,0,2,0,7,0,0,209,0,0,1,0,0,0,1,0,0,0,0,0,2,0,0,0,0,0,0,0,0,0,0,0,0,0,0,0,0,0,0,0,33,"Win32:VB-ITN","PE32 executable (GUI) Intel 80386, for MS Windows",4267,"d54e090b79d1124c8315a8da0bc9c46e"
"16349",0,1,2,0,721,0,0,4,0,2,0,0,0,41,0,0,63,0,0,15,0,0,0,0,40,0,0,0,0,4,0,0,3,0,0,13,0,0,68,0,0,17,0,0,0,0,0,0,0,673,0,0,0,6,0,2,0,0,0,0,0,0,0,0,0,0,16,0,3,1,0,2,1,0,0,1,0,2,0,0,0,0,3,41,0,0,11,0,0,0,0,0,0,1,0,0,0,0,0,0,0,0,0,0,2,0,3,0,0,1,0,0,0,2,0,4,0,0,0,0,0,0,0,0,0,0,0,0,0,0,0,0,13,2,0,0,0,1,0,0,"","PE32 executable (GUI) Intel 80386, for MS Windows",1785,"d5463290cd2f6792e87889bcb6d113d9"
"16365",0,11,2,0,721,0,0,4,0,2,0,0,0,45,0,0,63,0,0,25,0,0,0,0,40,0,0,0,0,4,0,0,223,0,0,8,0,0,68,0,0,23,0,0,0,0,0,0,0,1207,0,0,0,0,0,6,0,0,0,0,0,0,0,0,0,0,16,0,3,1,0,2,1,0,0,1,0,2,0,0,0,0,3,15,0,0,11,0,0,354,0,0,0,1,0,0,0,0,0,0,0,0,0,0,2,0,3,0,0,1,0,0,0,2,0,4,0,0,0,0,0,0,0,0,0,0,0,0,0,0,0,0,13,2,0,0,0,1,0,0,"Win32:LoadMoney-AL [Trj]","PE32 executable (GUI) Intel 80386, for MS Windows",2890,"d5f02cd3055e1700840a28e658520556"
"16473",0,1,2,0,721,0,0,4,0,2,0,0,0,41,0,0,63,0,0,21,0,0,0,0,40,0,0,0,0,4,0,0,3,0,0,13,0,0,68,0,0,17,0,0,0,0,0,0,0,2289,0,0,0,6,0,2,0,0,0,0,0,0,0,0,0,0,16,0,3,1,0,2,1,0,0,1,0,2,0,0,0,0,3,42,0,0,11,0,0,0,0,0,0,1,0,0,0,0,0,0,0,0,0,0,2,0,3,0,0,1,0,0,0,2,0,4,0,0,0,0,0,0,0,0,0,0,0,0,0,0,0,0,13,2,0,0,0,1,0,0,"Win32:LoadMoney-AG [PUP]","PE32 executable (GUI) Intel 80386, for MS Windows",3408,"d9c41417002668cb38f1b598639511b8"
"16486",0,15,2,0,735,0,0,11,4,2,0,0,0,46,0,0,64,0,0,25,0,2,0,0,41,0,0,0,0,6,0,0,73,0,0,11,2,0,70,0,0,25,0,0,0,0,0,0,0,971,0,0,0,0,0,12,0,0,0,0,0,0,0,0,0,0,24,0,5,2,0,2,1,0,0,2,0,6,0,0,0,0,3,19,0,0,11,0,0,0,0,0,0,1,0,0,0,0,0,0,0,0,0,0,2,0,3,0,0,1,0,0,0,2,0,4,0,0,0,0,0,0,0,0,0,0,0,0,0,0,0,0,13,2,0,0,0,1,0,0,"Win32:Malware-gen","PE32 executable (GUI) Intel 80386, for MS Windows",2221,"da6cef8e7d8191e9e9a129e5a0b5f2f5"
"16510",0,1,2,0,721,0,0,4,0,2,0,0,0,41,0,0,63,0,0,21,0,0,0,0,40,0,0,0,0,4,0,0,3,0,0,13,0,0,68,0,0,17,0,0,0,0,0,0,0,2289,0,0,0,6,0,2,0,0,0,0,0,0,0,0,0,0,16,0,3,1,0,2,1,0,0,1,0,2,0,0,0,0,3,42,0,0,11,0,0,0,0,0,0,1,0,0,0,0,0,0,0,0,0,0,2,0,3,0,0,1,0,0,0,2,0,4,0,0,0,0,0,0,0,0,0,0,0,0,0,0,0,0,13,2,0,0,0,1,0,0,"Win32:LoadMoney-AG [PUP]","PE32 executable (GUI) Intel 80386, for MS Windows",3408,"db19baae1dec143cc646978d4e1f9827"
"16512",0,1,2,0,715,0,0,4,0,2,0,0,0,40,0,0,63,0,0,8,0,0,0,0,40,0,0,0,0,4,0,0,3,0,0,13,0,0,66,0,0,16,0,0,0,0,0,0,0,2289,0,0,0,6,0,2,0,0,0,0,0,0,0,0,0,0,16,0,3,1,0,2,1,0,0,1,0,2,0,0,0,0,3,41,0,0,11,0,0,0,0,0,0,1,0,0,0,0,0,0,0,0,0,0,2,0,2,0,0,1,0,0,0,2,0,4,0,0,0,0,0,0,0,0,0,0,0,0,0,0,0,0,13,2,0,0,0,1,0,0,"Win32:LoadMoney-AG [PUP]","PE32 executable (GUI) Intel 80386, for MS Windows",3383,"db28d24747a6a0e33fee2ad166decd3d"
"16519",0,1,2,0,715,0,0,4,0,2,0,0,0,40,0,0,63,0,0,8,0,0,0,0,40,0,0,0,0,4,0,0,3,0,0,13,0,0,66,0,0,16,0,0,0,0,0,0,0,2289,0,0,0,6,0,2,0,0,0,0,0,0,0,0,0,0,16,0,3,1,0,2,1,0,0,1,0,2,0,0,0,0,3,41,0,0,11,0,0,0,0,0,0,1,0,0,0,0,0,0,0,0,0,0,2,0,2,0,0,1,0,0,0,2,0,4,0,0,0,0,0,0,0,0,0,0,0,0,0,0,0,0,13,2,0,0,0,1,0,0,"0","PE32 executable (GUI) Intel 80386, for MS Windows",3383,"db6e1b450abd27e4bf9928059c6328e5"
"16569",0,1,2,0,721,0,0,4,0,2,0,0,0,41,0,0,63,0,0,21,0,0,0,0,40,0,0,0,0,4,0,0,3,0,0,8,0,0,68,0,0,13,0,0,0,0,0,0,0,2289,0,0,0,0,0,2,0,0,0,0,0,0,0,0,0,0,16,0,3,1,0,2,1,0,0,1,0,2,0,0,0,0,3,17,0,0,11,0,0,0,0,0,0,1,0,0,0,0,0,0,0,0,0,0,2,0,3,0,0,1,0,0,0,2,0,4,0,0,0,0,0,0,0,0,0,0,0,0,0,0,0,0,13,2,0,0,0,1,0,0,"Win32:LoadMoney-AG [PUP]","PE32 executable (GUI) Intel 80386, for MS Windows",3368,"dd0f1f23cd258966c4e80e4089bd750a"
"16578",0,1,2,0,721,0,0,4,0,2,0,0,0,41,0,0,63,0,0,21,0,0,0,0,40,0,0,0,0,4,0,0,3,0,0,13,0,0,68,0,0,17,0,0,0,0,0,0,0,2289,0,0,0,6,0,2,0,0,0,0,0,0,0,0,0,0,16,0,3,1,0,2,1,0,0,1,0,2,0,0,0,0,3,42,0,0,11,0,0,0,0,0,0,1,0,0,0,0,0,0,0,0,0,0,2,0,3,0,0,1,0,0,0,2,0,4,0,0,0,0,0,0,0,0,0,0,0,0,0,0,0,0,13,2,0,0,0,1,0,0,"0","PE32 executable (GUI) Intel 80386, for MS Windows",3408,"dd45636ee001818a1be0457f9a3b552b"
"16581",0,11,2,0,721,0,0,4,0,2,0,0,0,45,0,0,63,0,0,25,0,0,0,0,40,0,0,0,0,6,0,0,144,0,0,9,0,0,68,0,0,23,0,0,0,0,0,0,0,1207,0,0,0,0,0,6,0,0,0,0,0,0,0,0,0,0,16,0,5,2,0,2,1,0,0,2,0,2,0,0,0,0,3,15,0,0,11,0,0,354,0,0,0,1,0,0,0,0,0,0,0,0,0,0,2,0,3,0,0,1,0,0,0,2,0,4,0,0,0,0,0,0,0,0,0,0,0,0,0,0,0,0,13,2,0,0,0,1,0,0,"Win32:Malware-gen","PE32 executable (GUI) Intel 80386, for MS Windows",2818,"dd4e420024d7d5c0a6389cafcc30ba6c"
"16653",0,15,2,0,735,0,0,11,4,2,0,0,0,46,0,0,64,0,0,25,0,2,0,0,41,0,0,0,0,4,0,0,3,0,0,15,2,0,70,0,0,29,0,0,0,0,0,0,0,971,0,0,0,6,0,12,0,0,0,0,0,0,0,0,0,0,24,0,3,1,0,2,1,0,0,1,0,6,0,0,0,0,3,42,0,0,11,0,0,0,0,0,0,1,0,0,0,0,0,0,0,0,0,0,2,0,3,0,0,1,0,0,0,2,0,4,0,0,0,0,0,0,0,0,0,0,0,0,0,0,0,0,13,2,0,0,0,1,0,0,"Win32:Malware-gen","PE32 executable (GUI) Intel 80386, for MS Windows",2182,"e04178659250269ae80d08e4d17013d7"
"16662",0,0,0,0,0,0,0,0,0,0,0,0,0,1,0,0,1,0,0,0,0,0,0,0,1,0,0,0,0,0,0,0,0,0,0,0,0,0,3,0,0,0,0,0,0,0,0,0,0,5835,0,0,0,0,0,0,0,0,0,0,0,0,0,0,0,0,0,0,0,0,0,0,0,0,0,0,0,0,0,0,0,0,0,0,0,0,1,0,0,0,0,5829,0,0,0,0,0,0,0,0,0,0,0,0,0,0,0,0,0,0,0,0,0,0,0,0,0,0,0,0,0,0,0,0,0,0,0,0,0,0,0,0,0,0,0,0,0,0,0,0,"Win32:PUP-gen [PUP]","PE32 executable (GUI) Intel 80386, for MS Windows",11671,"e06fffa85f92182b922aba886f1858a4"
"16736",0,1,2,0,721,0,0,4,0,2,0,0,0,41,0,0,63,0,0,15,0,0,0,0,40,0,0,0,0,4,0,0,3,0,0,13,0,0,68,0,0,17,0,0,0,0,0,0,0,2289,0,0,0,6,0,2,0,0,0,0,0,0,0,0,0,0,16,0,3,1,0,2,1,0,0,1,0,2,0,0,0,0,3,42,0,0,11,0,0,0,0,0,0,1,0,0,0,0,0,0,0,0,0,0,2,0,3,0,0,1,0,0,0,2,0,4,0,0,0,0,0,0,0,0,0,0,0,0,0,0,0,0,13,2,0,0,0,1,0,0,"Win32:LoadMoney-AG [PUP]","PE32 executable (GUI) Intel 80386, for MS Windows",3402,"e3413d1d9371463c1006e6deacfa9d4a"
"16740",0,11,2,0,721,0,0,4,0,2,0,0,0,45,0,0,63,0,0,25,0,0,0,0,40,0,0,0,0,4,0,0,3,0,0,8,0,0,68,0,0,23,0,0,0,0,0,0,0,1207,0,0,0,0,0,6,0,0,0,0,0,0,0,0,0,0,16,0,3,1,0,2,1,0,0,1,0,2,0,0,0,0,3,14,0,0,11,0,0,354,0,0,0,1,0,0,0,0,0,0,0,0,0,0,2,0,3,0,0,1,0,0,0,2,0,4,0,0,0,0,0,0,0,0,0,0,0,0,0,0,0,0,13,2,0,0,0,1,0,0,"Win32:Malware-gen","PE32 executable (GUI) Intel 80386, for MS Windows",2669,"e3741291af355dc6a5e18f87a1399bd3"
"16747",0,11,2,0,721,0,0,4,0,2,0,0,0,45,0,0,63,0,0,25,0,0,0,0,40,0,0,0,0,4,0,0,3,0,0,8,0,0,68,0,0,23,0,0,0,0,0,0,0,1207,0,0,0,0,0,6,0,0,0,0,0,0,0,0,0,0,16,0,3,1,0,2,1,0,0,1,0,2,0,0,0,0,3,16,0,0,11,0,0,354,0,0,0,1,0,0,0,0,0,0,0,0,0,0,2,0,3,0,0,1,0,0,0,2,0,4,0,0,0,0,0,0,0,0,0,0,0,0,0,0,0,0,13,2,0,0,0,1,0,0,"Win32:LoadMoney-AL [Trj]","PE32 executable (GUI) Intel 80386, for MS Windows",2671,"e3e57d0242e29a7614585cf4d52d92b6"
"16753",0,1,2,0,715,0,0,4,0,2,0,0,0,40,0,0,63,0,0,8,0,0,0,0,40,0,0,0,0,4,0,0,3,0,0,13,0,0,66,0,0,16,0,0,0,0,0,0,0,2289,0,0,0,6,0,2,0,0,0,0,0,0,0,0,0,0,16,0,3,1,0,2,1,0,0,1,0,2,0,0,0,0,3,41,0,0,11,0,0,0,0,0,0,1,0,0,0,0,0,0,0,0,0,0,2,0,2,0,0,1,0,0,0,2,0,4,0,0,0,0,0,0,0,0,0,0,0,0,0,0,0,0,13,2,0,0,0,1,0,0,"0","PE32 executable (GUI) Intel 80386, for MS Windows",3383,"e42a49f54c725c8f6acd7b20688214ed"
"16763",0,15,2,0,735,0,0,11,4,2,0,0,0,46,0,0,64,0,0,25,0,2,0,0,41,0,0,0,0,4,0,0,3,0,0,15,2,0,70,0,0,29,0,0,0,0,0,0,0,971,0,0,0,6,0,12,0,0,0,0,0,0,0,0,0,0,24,0,3,1,0,2,1,0,0,1,0,6,0,0,0,0,3,42,0,0,11,0,0,0,0,0,0,1,0,0,0,0,0,0,0,0,0,0,2,0,3,0,0,1,0,0,0,2,0,4,0,0,0,0,0,0,0,0,0,0,0,0,0,0,0,0,13,2,0,0,0,1,0,0,"Win32:Malware-gen","PE32 executable (GUI) Intel 80386, for MS Windows",2182,"e4dd896dee6de6c708e84875342f47c1"
"16850",0,15,2,0,735,0,0,11,4,2,0,0,0,46,0,0,64,0,0,25,0,2,0,0,41,0,0,0,0,4,0,0,3,0,0,15,2,0,70,0,0,29,0,0,0,0,0,0,0,971,0,0,0,6,0,12,0,0,0,0,0,0,0,0,0,0,24,0,3,1,0,2,1,0,0,1,0,6,0,0,0,0,3,41,0,0,11,0,0,0,0,0,0,1,0,0,0,0,0,0,0,0,0,0,2,0,3,0,0,1,0,0,0,2,0,4,0,0,0,0,0,0,0,0,0,0,0,0,0,0,0,0,13,2,0,0,0,1,0,0,"Win32:Malware-gen","PE32 executable (GUI) Intel 80386, for MS Windows",2181,"e7ba1aabe72a7d5e569ed74f7dc15543"
"16870",0,15,2,0,735,0,0,11,4,2,0,0,0,46,0,0,64,0,0,25,0,2,0,0,41,0,0,0,0,4,0,0,3,0,0,15,2,0,70,0,0,29,0,0,0,0,0,0,0,971,0,0,0,6,0,12,0,0,0,0,0,0,0,0,0,0,24,0,3,1,0,2,1,0,0,1,0,6,0,0,0,0,3,42,0,0,11,0,0,0,0,0,0,1,0,0,0,0,0,0,0,0,0,0,2,0,3,0,0,1,0,0,0,2,0,4,0,0,0,0,0,0,0,0,0,0,0,0,0,0,0,0,13,2,0,0,0,1,0,0,"Win32:Malware-gen","PE32 executable (GUI) Intel 80386, for MS Windows",2182,"e86ec01ed0b29440808bd3e16b9a8150"
"16944",0,15,2,0,735,0,0,11,4,2,0,0,0,46,0,0,64,0,0,25,0,2,0,0,41,0,0,0,0,4,0,0,3,0,0,10,2,0,70,0,0,25,0,0,0,0,0,0,0,971,0,0,0,0,0,12,0,0,0,0,0,0,0,0,0,0,24,0,3,1,0,2,1,0,0,1,0,6,0,0,0,0,3,17,0,0,11,0,0,0,0,0,0,1,0,0,0,0,0,0,0,0,0,0,2,0,3,0,0,1,0,0,0,2,0,4,0,0,0,0,0,0,0,0,0,0,0,0,0,0,0,0,13,2,0,0,0,1,0,0,"Win32:Malware-gen","PE32 executable (GUI) Intel 80386, for MS Windows",2142,"eb2a2f0f531f0de89d18f583029653bc"
"16974",0,1,2,0,721,0,0,4,0,2,0,0,0,40,0,0,63,0,0,8,0,0,0,0,40,0,0,0,0,4,0,0,3,0,0,8,0,0,68,0,0,12,0,0,0,0,0,0,0,2289,0,0,0,0,0,2,0,0,0,0,0,0,0,0,0,0,16,0,3,1,0,2,1,0,0,1,0,2,0,0,0,0,3,17,0,0,11,0,0,0,0,0,0,1,0,0,0,0,0,0,0,0,0,0,2,0,2,0,0,1,0,0,0,2,0,4,0,0,0,0,0,0,0,0,0,0,0,0,0,0,0,0,13,2,0,0,0,1,0,0,"Win32:LoadMoney-AG [PUP]","PE32 executable (GUI) Intel 80386, for MS Windows",3352,"ec5693b07e423791550c06bd249af28f"
"17042",0,96,3,0,1072,0,0,9,0,0,0,0,0,74,0,0,94,0,0,40,0,0,0,0,85,0,0,0,0,4,0,0,3,0,0,8,0,0,79,0,0,14,0,0,0,0,0,0,0,2556,0,0,12,0,12,14,0,12,0,0,0,0,0,0,0,0,63,0,3,1,0,2,1,0,0,1,0,2,0,0,0,0,6,22,0,0,4,0,0,0,0,0,0,1,0,0,0,0,0,0,0,1,0,0,24,0,4,0,0,1,0,0,0,4,0,4,0,0,0,2,0,0,0,0,0,0,0,0,0,0,0,0,17,0,0,0,0,15,12,0,"Win32:Malware-gen","PE32 executable (GUI) Intel 80386, for MS Windows",4377,"ee72b15978d1e0e6f887e278fff87f4d"
"17092",0,11,2,0,721,0,0,4,0,2,0,0,0,45,0,0,63,0,0,25,0,0,0,0,40,0,0,0,0,4,0,0,3,0,0,13,0,0,68,0,0,27,0,0,0,0,0,0,0,1207,0,0,0,6,0,6,0,0,0,0,0,0,0,0,0,0,16,0,3,1,0,2,1,0,0,1,0,2,0,0,0,0,3,40,0,0,11,0,0,354,0,0,0,1,0,0,0,0,0,0,0,0,0,0,2,0,3,0,0,1,0,0,0,2,0,4,0,0,0,0,0,0,0,0,0,0,0,0,0,0,0,0,13,2,0,0,0,1,0,0,"Win32:LoadMoney-AL [Trj]","PE32 executable (GUI) Intel 80386, for MS Windows",2710,"effd4aed71cb5aa9cc7ee730fbc19969"
"17245",0,1,2,0,715,0,0,4,0,2,0,0,0,40,0,0,63,0,0,8,0,0,0,0,40,0,0,0,0,4,0,0,3,0,0,13,0,0,66,0,0,16,0,0,0,0,0,0,0,2289,0,0,0,6,0,2,0,0,0,0,0,0,0,0,0,0,16,0,3,1,0,2,1,0,0,1,0,2,0,0,0,0,3,41,0,0,11,0,0,0,0,0,0,1,0,0,0,0,0,0,0,0,0,0,2,0,2,0,0,1,0,0,0,2,0,4,0,0,0,0,0,0,0,0,0,0,0,0,0,0,0,0,13,2,0,0,0,1,0,0,"Win32:LoadMoney-AG [PUP]","PE32 executable (GUI) Intel 80386, for MS Windows",3383,"f4836a88b892068b4eb433fe27c72091"
"17253",0,1,2,0,721,0,0,4,0,2,0,0,0,41,0,0,63,0,0,15,0,0,0,0,40,0,0,0,0,4,0,0,3,0,0,13,0,0,68,0,0,17,0,0,0,0,0,0,0,2289,0,0,0,6,0,2,0,0,0,0,0,0,0,0,0,0,16,0,3,1,0,2,1,0,0,1,0,2,0,0,0,0,3,41,0,0,11,0,0,0,0,0,0,1,0,0,0,0,0,0,0,0,0,0,2,0,3,0,0,1,0,0,0,2,0,4,0,0,0,0,0,0,0,0,0,0,0,0,0,0,0,0,13,2,0,0,0,1,0,0,"Win32:LoadMoney-AG [PUP]","PE32 executable (GUI) Intel 80386, for MS Windows",3401,"f513e9337f329bd911933fe6c6632eb0"
"17259",0,0,0,0,0,0,0,0,0,0,0,0,0,1,0,0,1,0,0,0,0,0,0,0,1,0,0,0,0,0,0,0,0,0,0,0,0,0,3,0,0,0,0,0,0,0,0,0,0,7221,0,0,0,0,0,0,0,0,0,0,0,0,0,0,0,0,0,0,0,0,0,0,0,0,0,0,0,0,0,0,0,0,0,0,0,0,1,0,0,0,0,7215,0,0,0,0,0,0,0,0,0,0,0,0,0,0,0,0,0,0,0,0,0,0,0,0,0,0,0,0,0,0,0,0,0,0,0,0,0,0,0,0,0,0,0,0,0,0,0,0,"Win32:Malware-gen","PE32 executable (GUI) Intel 80386, for MS Windows",14443,"f53a8509c4e97174ea4c11f20122f3c2"
"17281",0,1,2,0,721,0,0,4,0,2,0,0,0,41,0,0,63,0,0,21,0,0,0,0,40,0,0,0,0,4,0,0,3,0,0,13,0,0,68,0,0,17,0,0,0,0,0,0,0,2289,0,0,0,6,0,2,0,0,0,0,0,0,0,0,0,0,16,0,3,1,0,2,1,0,0,1,0,2,0,0,0,0,3,41,0,0,11,0,0,0,0,0,0,1,0,0,0,0,0,0,0,0,0,0,2,0,3,0,0,1,0,0,0,2,0,4,0,0,0,0,0,0,0,0,0,0,0,0,0,0,0,0,13,2,0,0,0,1,0,0,"Win32:LoadMoney-AG [PUP]","PE32 executable (GUI) Intel 80386, for MS Windows",3407,"f5ced9cdc0ee7207b95e2ad1b18d06de"
"17338",0,11,3,0,2090,0,0,69,0,0,0,0,0,302,0,0,269,0,0,17,0,0,0,0,277,0,0,1842,2,13,0,0,38,0,0,24,0,0,128,0,0,34,1,0,0,0,0,0,2,3651,0,0,0,6,0,22,0,0,0,0,0,89,0,0,1,1,68,0,8,1,0,2,1,0,1,1,0,5,0,0,1,144,6,269,0,0,6,0,0,0,0,0,0,1,0,79,0,0,6,0,0,4,0,2,2,0,1,0,0,2,0,0,0,2,0,2,6,0,0,4,0,0,0,0,78,0,0,0,0,0,0,0,31,0,0,0,0,12,2,1,"Win32:Trojan-gen","PE32 executable (GUI) Intel 80386, for MS Windows, UPX compressed",9639,"f7defeb5216714e0f5ed8f9522e1c4b8"
"17372",0,1,2,0,715,0,0,4,0,2,0,0,0,40,0,0,63,0,0,8,0,0,0,0,40,0,0,0,0,4,0,0,3,0,0,13,0,0,66,0,0,16,0,0,0,0,0,0,0,2289,0,0,0,6,0,2,0,0,0,0,0,0,0,0,0,0,16,0,3,1,0,2,1,0,0,1,0,2,0,0,0,0,3,42,0,0,11,0,0,0,0,0,0,1,0,0,0,0,0,0,0,0,0,0,2,0,2,0,0,1,0,0,0,2,0,4,0,0,0,0,0,0,0,0,0,0,0,0,0,0,0,0,13,2,0,0,0,1,0,0,"Win32:LoadMoney-AG [PUP]","PE32 executable (GUI) Intel 80386, for MS Windows",3384,"f8f885ded0bbc7e371436ea47ca73a67"
"17374",0,11,2,0,721,0,0,4,0,2,0,0,0,45,0,0,63,0,0,25,0,0,0,0,40,0,0,0,0,4,0,0,3,0,0,8,0,0,68,0,0,23,0,0,0,0,0,0,0,1207,0,0,0,0,0,6,0,0,0,0,0,0,0,0,0,0,16,0,3,1,0,2,1,0,0,1,0,2,0,0,0,0,3,14,0,0,11,0,0,354,0,0,0,1,0,0,0,0,0,0,0,0,0,0,2,0,3,0,0,1,0,0,0,2,0,4,0,0,0,0,0,0,0,0,0,0,0,0,0,0,0,0,13,2,0,0,0,1,0,0,"Win32:Malware-gen","PE32 executable (GUI) Intel 80386, for MS Windows",2669,"f90364c9ec078e070b83640c63a4a9e7"
"17569",0,1,2,0,721,0,0,4,0,2,0,0,0,41,0,0,63,0,0,21,0,0,0,0,40,0,0,0,0,4,0,0,3,0,0,13,0,0,68,0,0,17,0,0,0,0,0,0,0,2289,0,0,0,6,0,2,0,0,0,0,0,0,0,0,0,0,16,0,3,1,0,2,1,0,0,1,0,2,0,0,0,0,3,42,0,0,11,0,0,0,0,0,0,1,0,0,0,0,0,0,0,0,0,0,2,0,3,0,0,1,0,0,0,2,0,4,0,0,0,0,0,0,0,0,0,0,0,0,0,0,0,0,13,2,0,0,0,1,0,0,"Win32:LoadMoney-AG [PUP]","PE32 executable (GUI) Intel 80386, for MS Windows",3408,"ff9701046e5f654357234ae6aeaf9bd5"
"18486",0,1,0,0,160,0,0,8,0,0,0,0,0,66,0,0,53,0,0,14,0,0,0,0,0,0,0,0,0,0,0,0,0,0,0,17,0,0,7,0,0,15,0,0,0,0,0,0,0,208,0,0,0,0,0,53,0,0,0,0,0,0,0,0,0,0,116,0,3,0,0,0,0,0,0,0,0,12,0,0,0,0,3,6,0,0,0,0,0,0,0,0,1,0,0,0,0,0,0,0,0,0,0,0,0,0,1,0,0,0,0,0,0,0,0,0,0,0,0,0,0,0,0,0,0,0,0,0,0,0,0,0,0,0,0,0,0,3,0,1,"","PE32 executable (GUI) Intel 80386, for MS Windows",747,"43c859ba280f6a4000972e40fc8ba38b"
"19900",0,1,1,0,268,0,0,0,0,0,0,0,0,5,0,0,0,0,0,3,0,0,0,0,0,0,0,41,0,0,0,0,0,29,0,0,0,0,0,29,0,5,0,0,0,29,0,0,0,484,0,0,0,0,0,1,0,0,0,0,0,2,0,0,1,0,268,0,0,0,0,0,1,0,0,0,0,0,0,0,0,0,3,2,0,0,0,0,0,0,0,0,2,0,0,0,0,0,0,0,0,0,0,0,0,0,2,0,0,1,0,0,0,0,0,0,0,0,0,0,0,0,0,0,0,0,0,0,0,0,0,0,0,0,0,0,0,2,0,0,"Win32:Malware-gen","PE32 executable (GUI) Intel 80386, for MS Windows",1180,"68d8f8f1818ac276d3d38e692f658553"
"20411",0,1,0,0,129,0,0,8,0,0,0,0,0,71,0,0,58,0,0,14,0,0,0,0,0,0,0,0,0,0,0,0,0,0,0,17,0,0,7,0,0,15,0,0,0,0,0,0,0,228,0,0,0,0,0,58,0,0,0,0,0,0,0,0,0,0,89,0,3,0,0,0,0,0,0,0,0,12,0,0,0,0,3,6,0,0,0,0,0,0,0,0,1,0,0,0,0,0,0,0,0,0,0,0,0,0,1,0,0,0,0,0,0,0,0,0,0,0,0,0,0,0,0,0,0,0,0,0,0,0,0,0,0,0,0,0,0,3,0,1,"0","PE32 executable (GUI) Intel 80386, for MS Windows",724,"7b5ce6165222289222f1d95fb065f3a9"
"21436",0,41,3,0,2068,1,0,25,0,0,4,0,0,150,0,0,171,0,0,8,0,4,0,0,214,0,1,904,2,17,0,0,44,0,0,42,0,0,1369,0,0,40,2,0,0,0,0,0,2,2893,0,0,0,18,0,30,0,0,0,0,0,50,0,0,0,3,95,0,14,1,0,6,1,0,8,1,0,7,0,0,0,1,12,204,0,0,0,0,0,0,0,0,0,3,0,19,0,0,2,0,0,2,0,0,2,0,1,0,0,4,0,0,0,0,0,2,2,0,2,2,0,0,0,0,19,0,1,0,0,0,0,0,12,0,0,0,0,8,2,3,"VBS:Malware-gen","PE32 executable (GUI) Intel 80386, for MS Windows",8539,"9fa5f74aed16289a3c166b7279c2d3d2"
